airline_enc,destination_enc,stops_num,departure_hour,day_of_week,month,day,price
8,5,0,21,6,2,22,509.0
30,5,0,21,6,2,22,534.0
15,5,0,13,6,2,22,537.0
1,5,1,16,6,2,22,480.0
29,5,1,11,6,2,22,508.0
8,5,1,20,6,2,22,508.0
24,5,0,18,6,2,22,553.0
8,5,0,2,6,2,22,585.0
8,5,0,9,6,2,22,585.0
0,5,0,4,6,2,22,633.0
24,5,0,14,6,2,22,684.0
0,5,0,2,6,2,22,733.0
0,5,0,14,6,2,22,910.0
30,5,0,9,6,2,22,1110.0
15,5,0,13,0,2,23,499.0
8,5,0,21,0,2,23,503.0
24,5,0,18,0,2,23,523.0
30,5,0,17,0,2,23,529.0
0,5,0,4,0,2,23,669.0
1,5,1,16,0,2,23,442.0
8,5,0,9,0,2,23,616.0
20,5,1,19,0,2,23,630.0
0,5,0,2,0,2,23,681.0
0,5,0,14,0,2,23,710.0
30,5,0,9,0,2,23,725.0
8,5,0,2,0,2,23,1056.0
24,5,3,18,0,2,23,5174.0
15,5,0,13,1,2,24,499.0
24,5,0,18,1,2,24,507.0
30,5,0,9,1,2,24,534.0
8,5,0,2,1,2,24,585.0
18,5,1,4,1,2,24,451.0
29,5,1,11,1,2,24,508.0
8,5,1,20,1,2,24,508.0
8,5,1,20,1,2,24,534.0
8,5,0,21,1,2,24,585.0
20,5,1,11,1,2,24,694.0
30,5,0,17,1,2,24,707.0
24,5,0,14,1,2,24,786.0
0,5,0,4,1,2,24,788.0
0,5,0,14,1,2,24,809.0
8,5,0,9,1,2,24,828.0
0,5,0,2,1,2,24,844.0
24,5,3,7,1,2,24,4681.0
24,5,0,18,2,2,25,457.0
15,5,0,13,2,2,25,499.0
8,5,1,20,2,2,25,509.0
30,5,0,21,2,2,25,534.0
8,5,0,9,2,2,25,585.0
18,5,1,4,2,2,25,428.0
1,5,1,9,2,2,25,486.0
24,5,0,14,2,2,25,533.0
8,5,0,2,2,2,25,585.0
8,5,0,21,2,2,25,585.0
20,5,1,11,2,2,25,633.0
0,5,0,4,2,2,25,666.0
0,5,0,2,2,2,25,669.0
30,5,0,9,2,2,25,716.0
30,5,0,23,2,2,25,716.0
24,5,0,18,3,2,26,477.0
8,5,1,20,3,2,26,478.0
8,5,0,9,3,2,26,503.0
15,5,0,13,3,2,26,538.0
18,5,1,4,3,2,26,415.0
8,5,0,21,3,2,26,503.0
29,5,1,11,3,2,26,517.0
8,5,0,2,3,2,26,593.0
20,5,1,10,3,2,26,610.0
0,5,0,14,3,2,26,705.0
30,5,0,17,3,2,26,711.0
30,5,0,1,3,2,26,716.0
30,5,0,9,3,2,26,716.0
0,5,0,2,3,2,26,746.0
0,5,0,4,3,2,26,767.0
24,5,3,7,3,2,26,5141.0
24,5,0,14,4,2,27,477.0
15,5,0,13,4,2,27,499.0
8,5,0,21,4,2,27,616.0
18,5,1,4,4,2,27,415.0
24,5,0,18,4,2,27,533.0
8,5,1,20,4,2,27,579.0
0,5,0,4,4,2,27,593.0
0,5,0,14,4,2,27,634.0
30,5,0,17,4,2,27,635.0
8,5,0,2,4,2,27,680.0
8,5,0,9,4,2,27,680.0
0,5,0,2,4,2,27,707.0
30,5,0,9,4,2,27,716.0
24,5,0,18,5,2,28,477.0
15,5,0,13,5,2,28,499.0
30,5,0,21,5,2,28,509.0
1,5,1,16,5,2,28,419.0
18,5,1,4,5,2,28,433.0
8,5,1,20,5,2,28,508.0
20,5,1,10,5,2,28,630.0
0,5,0,4,5,2,28,666.0
8,5,0,2,5,2,28,686.0
8,5,0,9,5,2,28,686.0
8,5,0,21,5,2,28,686.0
0,5,0,14,5,2,28,707.0
30,5,0,9,5,2,28,716.0
30,5,0,17,5,2,28,716.0
0,5,0,2,5,2,28,766.0
16,5,3,16,5,2,28,4299.0
15,5,0,13,6,3,1,439.0
24,5,0,18,6,3,1,445.0
0,5,0,4,6,3,1,519.0
1,5,1,16,6,3,1,394.0
24,5,0,14,6,3,1,497.0
8,5,1,20,6,3,1,508.0
0,5,0,14,6,3,1,617.0
30,5,0,21,6,3,1,675.0
8,5,0,2,6,3,1,686.0
8,5,0,9,6,3,1,686.0
8,5,0,21,6,3,1,686.0
30,5,0,9,6,3,1,716.0
30,5,0,17,6,3,1,725.0
15,5,0,13,0,3,2,421.0
24,5,0,18,0,3,2,421.0
30,5,0,21,0,3,2,503.0
0,5,0,2,0,3,2,543.0
8,5,0,21,0,3,2,616.0
1,5,1,16,0,3,2,369.0
1,5,1,16,0,3,2,464.0
8,5,0,2,0,3,2,680.0
8,5,0,9,0,3,2,680.0
30,5,0,9,0,3,2,716.0
0,5,0,14,0,3,2,851.0
30,5,0,17,0,3,2,1110.0
24,5,3,18,0,3,2,4325.0
15,5,0,13,1,3,3,368.0
24,5,0,18,1,3,3,368.0
0,5,0,4,1,3,3,466.0
30,5,0,21,1,3,3,509.0
8,5,0,9,1,3,3,621.0
24,5,0,14,1,3,3,411.0
1,5,1,16,1,3,3,422.0
8,5,0,21,1,3,3,621.0
8,5,0,2,1,3,3,635.0
0,5,0,2,1,3,3,699.0
30,5,0,1,1,3,3,716.0
30,5,0,9,1,3,3,725.0
30,5,0,17,1,3,3,725.0
0,5,0,14,1,3,3,789.0
24,5,3,7,1,3,3,4360.0
24,5,0,18,2,3,4,376.0
15,5,0,13,2,3,4,404.0
0,5,0,4,2,3,4,472.0
24,5,0,14,2,3,4,401.0
1,5,1,9,2,3,4,422.0
30,5,0,21,2,3,4,509.0
0,5,0,2,2,3,4,567.0
8,5,0,2,2,3,4,585.0
8,5,0,21,2,3,4,621.0
8,5,0,9,2,3,4,686.0
30,5,0,1,2,3,4,716.0
30,5,0,9,2,3,4,716.0
30,5,0,23,2,3,4,819.0
24,5,0,18,3,3,5,360.0
15,5,0,13,3,3,5,401.0
30,5,0,21,3,3,5,433.0
0,5,0,4,3,3,5,479.0
8,5,0,9,3,3,5,616.0
30,5,0,9,3,3,5,529.0
0,5,0,14,3,3,5,599.0
8,5,0,21,3,3,5,616.0
8,5,0,2,3,3,5,630.0
0,5,0,2,3,3,5,644.0
30,5,0,17,3,3,5,716.0
30,5,0,1,3,3,5,725.0
24,5,3,7,3,3,5,4325.0
30,5,0,21,4,3,6,350.0
24,5,0,14,4,3,6,371.0
30,5,1,11,4,3,6,388.0
24,5,0,18,4,3,6,371.0
0,5,0,14,4,3,6,481.0
30,5,0,9,4,3,6,503.0
0,5,0,4,4,3,6,608.0
30,5,0,17,4,3,6,627.0
8,5,0,2,4,3,6,630.0
8,5,0,9,4,3,6,680.0
8,5,0,21,4,3,6,680.0
0,5,0,2,4,3,6,688.0
30,5,0,1,4,3,6,716.0
24,5,0,18,5,3,7,371.0
30,5,0,21,5,3,7,433.0
0,5,0,14,5,3,7,435.0
8,5,0,9,5,3,7,634.0
8,5,0,21,5,3,7,634.0
30,5,0,9,5,3,7,639.0
8,5,0,2,5,3,7,648.0
30,5,0,1,5,3,7,716.0
30,5,0,17,5,3,7,716.0
0,5,0,2,5,3,7,809.0
0,5,0,4,5,3,7,809.0
16,5,3,16,5,3,7,4334.0
30,5,0,21,6,3,8,350.0
24,5,0,14,6,3,8,391.0
0,5,0,4,6,3,8,416.0
8,5,0,21,6,3,8,458.0
24,5,0,18,6,3,8,391.0
0,5,0,14,6,3,8,452.0
30,5,0,17,6,3,8,481.0
30,5,0,9,6,3,8,509.0
8,5,0,9,6,3,8,534.0
8,5,0,2,6,3,8,585.0
0,5,0,2,6,3,8,673.0
30,5,0,1,6,3,8,716.0
24,5,0,18,0,3,9,391.0
1,5,1,16,0,3,9,467.0
8,5,0,2,0,3,9,503.0
0,5,0,4,0,3,9,513.0
30,5,0,9,0,3,9,579.0
0,5,0,2,0,3,9,538.0
0,5,0,14,0,3,9,538.0
8,5,0,21,0,3,9,554.0
30,5,0,17,0,3,9,579.0
8,5,0,9,0,3,9,579.0
30,5,0,1,0,3,9,852.0
16,5,3,16,0,3,9,4396.0
15,5,0,13,1,3,10,368.0
24,5,0,14,1,3,10,391.0
0,5,0,4,1,3,10,435.0
8,5,0,21,1,3,10,458.0
30,5,0,17,1,3,10,467.0
24,5,0,18,1,3,10,391.0
8,5,0,2,1,3,10,534.0
30,5,0,9,1,3,10,572.0
8,5,0,9,1,3,10,585.0
30,5,0,1,1,3,10,639.0
0,5,0,2,1,3,10,654.0
0,5,0,14,1,3,10,735.0
24,5,3,7,1,3,10,4429.0
30,5,1,11,2,3,11,350.0
0,5,0,4,2,3,11,363.0
30,5,0,9,2,3,11,379.0
8,5,0,2,2,3,11,458.0
30,5,0,23,2,3,11,399.0
8,5,0,21,2,3,11,458.0
24,5,0,14,2,3,11,477.0
24,5,0,18,2,3,11,477.0
8,5,0,9,2,3,11,521.0
0,5,0,2,2,3,11,614.0
30,5,0,1,2,3,11,716.0
0,5,0,4,3,3,12,336.0
15,5,0,13,3,3,12,368.0
30,5,0,17,3,3,12,379.0
24,5,0,18,3,3,12,390.0
8,5,0,21,3,3,12,402.0
0,5,0,14,3,3,12,408.0
30,5,0,9,3,3,12,433.0
8,5,0,9,3,3,12,491.0
8,5,0,2,3,3,12,542.0
0,5,0,2,3,3,12,618.0
30,5,0,1,3,3,12,627.0
24,5,3,7,3,3,12,4348.0
30,5,1,11,4,3,13,350.0
30,5,0,17,4,3,13,379.0
0,5,0,4,4,3,13,394.0
8,5,0,2,4,3,13,415.0
8,5,0,21,4,3,13,415.0
0,5,0,14,4,3,13,394.0
30,5,0,9,4,3,13,433.0
24,5,0,14,4,3,13,477.0
24,5,0,18,4,3,13,477.0
30,5,0,1,4,3,13,542.0
8,5,0,9,4,3,13,593.0
0,5,0,2,4,3,13,645.0
24,5,0,18,5,3,14,457.0
8,5,0,2,5,3,14,458.0
30,5,1,11,5,3,14,458.0
0,5,0,14,5,3,14,517.0
30,5,0,1,5,3,14,534.0
1,5,1,16,5,3,14,467.0
30,5,0,9,5,3,14,534.0
30,5,0,17,5,3,14,534.0
8,5,0,21,5,3,14,534.0
0,5,0,4,5,3,14,547.0
8,5,0,9,5,3,14,635.0
0,5,0,2,5,3,14,784.0
16,5,3,16,5,3,14,4348.0
8,5,0,21,6,3,15,483.0
0,5,0,4,6,3,15,494.0
8,5,0,2,6,3,15,534.0
30,5,0,17,6,3,15,551.0
24,5,0,18,6,3,15,553.0
1,5,1,16,6,3,15,467.0
29,5,1,11,6,3,15,520.0
0,5,0,14,6,3,15,563.0
30,5,0,9,6,3,15,628.0
8,5,0,9,6,3,15,660.0
30,5,0,1,6,3,15,834.0
0,5,0,2,6,3,15,850.0
0,5,0,4,0,3,16,400.0
24,5,0,18,0,3,16,401.0
30,5,0,17,0,3,16,467.0
30,5,1,11,0,3,16,478.0
8,5,0,21,0,3,16,491.0
30,5,0,9,0,3,16,554.0
30,5,0,1,0,3,16,579.0
8,5,0,9,0,3,16,579.0
0,5,0,14,0,3,16,630.0
8,5,0,2,0,3,16,655.0
0,5,0,2,0,3,16,660.0
24,5,3,18,0,3,16,4325.0
0,5,0,4,1,3,17,383.0
8,5,0,2,1,3,17,420.0
24,5,0,18,1,3,17,440.0
30,5,0,17,1,3,17,483.0
8,5,0,21,1,3,17,420.0
0,5,0,14,1,3,17,424.0
24,5,0,14,1,3,17,460.0
8,5,0,9,1,3,17,509.0
30,5,0,9,1,3,17,534.0
0,5,0,2,1,3,17,650.0
30,5,0,1,1,3,17,711.0
24,5,3,7,1,3,17,4325.0
0,5,0,4,2,3,18,323.0
24,5,0,18,2,3,18,371.0
8,5,1,20,2,3,18,407.0
24,5,0,14,2,3,18,401.0
30,5,0,9,2,3,18,448.0
30,5,0,23,2,3,18,448.0
30,5,0,1,2,3,18,483.0
8,5,0,21,2,3,18,496.0
8,5,0,2,2,3,18,521.0
0,5,0,2,2,3,18,559.0
8,5,0,9,2,3,18,597.0
0,5,0,4,3,3,19,322.0
15,5,0,13,3,3,19,377.0
30,5,1,11,3,3,19,399.0
24,5,0,18,3,3,19,401.0
8,5,0,21,3,3,19,402.0
0,5,0,14,3,3,19,322.0
30,5,0,1,3,3,19,478.0
30,5,0,9,3,3,19,478.0
30,5,0,17,3,3,19,478.0
8,5,0,2,3,3,19,503.0
8,5,0,9,3,3,19,579.0
0,5,0,2,3,3,19,589.0
24,5,3,7,3,3,19,4336.0
0,5,0,4,4,3,20,323.0
0,5,0,14,4,3,20,335.0
15,5,0,13,4,3,20,390.0
30,5,0,9,4,3,20,399.0
8,5,0,2,4,3,20,503.0
30,5,1,11,4,3,20,382.0
24,5,0,18,4,3,20,425.0
24,5,0,14,4,3,20,477.0
30,5,0,1,4,3,20,478.0
30,5,0,17,4,3,20,478.0
8,5,0,9,4,3,20,579.0
8,5,0,21,4,3,20,579.0
0,5,0,2,4,3,20,621.0
0,5,0,4,5,3,21,344.0
30,5,0,9,5,3,21,483.0
24,5,0,18,5,3,21,497.0
15,5,0,13,5,3,21,513.0
8,5,0,2,5,3,21,585.0
0,5,0,14,5,3,21,405.0
1,5,1,16,5,3,21,469.0
30,5,0,1,5,3,21,483.0
0,5,0,2,5,3,21,606.0
8,5,0,9,5,3,21,686.0
8,5,0,21,5,3,21,686.0
30,5,0,17,5,3,21,688.0
16,5,3,16,5,3,21,4443.0
0,5,0,14,6,3,22,463.0
30,5,0,9,6,3,22,534.0
8,5,0,9,6,3,22,635.0
1,5,1,16,6,3,22,419.0
18,5,1,4,6,3,22,472.0
8,5,1,20,6,3,22,508.0
24,5,0,18,6,3,22,533.0
30,5,0,1,6,3,22,534.0
0,5,0,4,6,3,22,544.0
24,5,0,14,6,3,22,563.0
8,5,1,20,6,3,22,585.0
15,5,0,13,6,3,22,590.0
8,5,0,2,6,3,22,635.0
8,5,0,21,6,3,22,635.0
0,5,0,2,6,3,22,744.0
1,5,1,16,0,3,23,419.0
0,5,0,4,0,3,23,436.0
15,5,0,13,0,3,23,478.0
24,5,0,18,0,3,23,523.0
8,5,0,9,0,3,23,616.0
0,5,0,2,0,3,23,590.0
0,5,0,14,0,3,23,615.0
8,5,0,2,0,3,23,630.0
8,5,0,21,0,3,23,630.0
30,5,0,17,0,3,23,654.0
30,5,0,1,0,3,23,725.0
30,5,0,9,0,3,23,725.0
16,5,3,16,0,3,23,4479.0
0,5,0,14,1,3,24,467.0
30,5,0,1,1,3,24,467.0
24,5,0,18,1,3,24,477.0
1,5,1,16,1,3,24,444.0
30,5,1,11,1,3,24,467.0
24,5,0,14,1,3,24,497.0
15,5,0,13,1,3,24,513.0
0,5,0,4,1,3,24,544.0
30,5,0,17,1,3,24,605.0
0,5,0,2,1,3,24,621.0
8,5,0,2,1,3,24,648.0
8,5,0,9,1,3,24,648.0
30,5,0,9,1,3,24,675.0
8,5,0,21,1,3,24,699.0
24,5,3,7,1,3,24,4550.0
30,5,1,11,2,3,25,435.0
15,5,0,13,2,3,25,446.0
24,5,0,14,2,3,25,479.0
30,5,0,9,2,3,25,510.0
8,5,0,9,2,3,25,586.0
1,5,1,9,2,3,25,429.0
24,5,0,18,2,3,25,479.0
30,5,0,23,2,3,25,535.0
0,5,0,4,2,3,25,544.0
8,5,0,2,2,3,25,586.0
8,5,0,21,2,3,25,586.0
0,5,0,2,2,3,25,662.0
30,5,0,1,2,3,25,677.0
24,5,0,18,3,3,26,514.0
30,5,0,9,3,3,26,530.0
8,5,0,9,3,3,26,581.0
1,5,1,16,3,3,26,423.0
30,5,1,11,3,3,26,505.0
8,5,1,20,3,3,26,505.0
0,5,0,4,3,3,26,558.0
8,5,0,2,3,3,26,581.0
8,5,0,21,3,3,26,581.0
0,5,0,14,3,3,26,604.0
30,5,0,17,3,3,26,606.0
0,5,0,2,3,3,26,619.0
30,5,0,1,3,3,26,677.0
30,5,1,11,4,3,27,444.0
0,5,0,14,4,3,27,452.0
24,5,0,18,4,3,27,468.0
30,5,0,1,4,3,27,478.0
8,5,0,9,4,3,27,581.0
1,5,1,16,4,3,27,445.0
24,5,0,14,4,3,27,489.0
30,5,0,17,4,3,27,505.0
8,5,0,2,4,3,27,581.0
30,5,0,9,4,3,27,615.0
0,5,0,4,4,3,27,673.0
0,5,0,2,4,3,27,703.0
8,5,0,21,4,3,27,825.0
0,5,0,14,5,3,28,385.0
24,5,0,18,5,3,28,489.0
8,5,0,2,5,3,28,586.0
1,5,1,16,5,3,28,471.0
15,5,0,13,5,3,28,553.0
0,5,0,4,5,3,28,590.0
0,5,0,2,5,3,28,621.0
30,5,0,1,5,3,28,686.0
30,5,0,9,5,3,28,686.0
30,5,0,17,5,3,28,686.0
8,5,0,9,5,3,28,687.0
8,5,0,21,5,3,28,687.0
24,5,0,13,6,3,29,509.0
30,5,1,11,6,3,29,510.0
15,5,0,18,6,3,29,556.0
0,5,0,15,6,3,29,559.0
8,5,0,2,6,3,29,586.0
1,5,1,16,6,3,29,433.0
24,5,0,18,6,3,29,509.0
8,5,0,22,6,3,29,586.0
30,5,0,1,6,3,29,615.0
30,5,0,9,6,3,29,615.0
0,5,0,2,6,3,29,662.0
30,5,0,17,6,3,29,686.0
8,5,0,10,6,3,29,687.0
0,5,0,4,6,3,29,1037.0
24,5,3,18,6,3,29,5004.0
30,5,1,11,0,3,30,410.0
0,5,0,15,0,3,30,436.0
30,5,0,17,0,3,30,444.0
24,5,0,18,0,3,30,461.0
8,5,0,2,0,3,30,581.0
1,5,1,16,0,3,30,442.0
0,5,0,5,0,3,30,482.0
30,5,0,9,0,3,30,505.0
30,5,0,2,0,3,30,530.0
8,5,1,20,0,3,30,530.0
0,5,0,3,0,3,30,575.0
8,5,0,10,0,3,30,581.0
8,5,0,22,0,3,30,581.0
16,5,3,17,0,3,30,4784.0
15,5,0,18,1,3,31,438.0
30,5,0,17,1,3,31,444.0
24,5,0,18,1,3,31,461.0
1,5,1,16,1,3,31,412.0
1,5,1,16,1,3,31,422.0
0,5,0,15,1,3,31,453.0
30,5,1,11,1,3,31,478.0
24,5,0,15,1,3,31,499.0
30,5,0,2,1,3,31,535.0
8,5,1,20,1,3,31,535.0
8,5,0,2,1,3,31,586.0
8,5,0,10,1,3,31,586.0
8,5,0,22,1,3,31,586.0
30,5,0,9,1,3,31,686.0
0,5,0,3,1,3,31,742.0
0,5,0,5,1,3,31,742.0
24,5,0,18,2,4,1,423.0
30,5,0,19,2,4,1,444.0
8,5,0,22,2,4,1,459.0
0,5,0,3,2,4,1,537.0
24,5,0,13,2,4,1,436.0
1,5,1,9,2,4,1,442.0
30,5,0,2,2,4,1,510.0
20,5,1,4,2,4,1,526.0
30,5,0,9,2,4,1,535.0
8,5,0,2,2,4,1,586.0
8,5,0,10,2,4,1,586.0
0,5,0,5,2,4,1,630.0
16,5,3,17,2,4,1,4942.0
0,5,0,15,3,4,2,338.0
24,5,0,18,3,4,2,426.0
30,5,0,17,3,4,2,444.0
8,5,0,2,3,4,2,480.0
30,5,1,11,3,4,2,444.0
0,5,0,3,3,4,2,450.0
30,5,0,2,3,4,2,505.0
30,5,0,9,3,4,2,505.0
8,5,0,10,3,4,2,581.0
8,5,0,22,3,4,2,581.0
0,5,0,5,3,4,2,1035.0
0,5,0,5,4,4,3,340.0
30,5,0,17,4,4,3,410.0
24,5,0,18,4,4,3,413.0
8,5,0,22,4,4,3,417.0
0,5,0,3,4,4,3,340.0
0,5,0,15,4,4,3,340.0
1,5,1,16,4,4,3,403.0
24,5,0,13,4,4,3,458.0
30,5,0,9,4,4,3,478.0
30,5,0,2,4,4,3,505.0
8,5,0,2,4,4,3,530.0
8,5,0,10,4,4,3,581.0
24,5,3,18,4,4,3,4553.0
0,5,0,5,5,4,4,340.0
24,5,0,18,5,4,4,436.0
15,5,0,18,5,4,4,438.0
8,5,0,2,5,4,4,459.0
30,5,0,9,5,4,4,478.0
0,5,0,15,5,4,4,340.0
1,5,1,16,5,4,4,422.0
30,5,0,17,5,4,4,444.0
0,5,0,3,5,4,4,467.0
30,5,0,2,5,4,4,478.0
8,5,0,22,5,4,4,498.0
8,5,0,10,5,4,4,599.0
16,5,3,17,5,4,4,4630.0
0,5,0,15,6,4,5,340.0
8,5,1,20,6,4,5,434.0
30,5,0,9,6,4,5,444.0
8,5,0,2,6,4,5,459.0
24,5,0,18,6,4,5,489.0
0,5,0,5,6,4,5,354.0
30,5,0,17,6,4,5,444.0
8,5,0,22,6,4,5,459.0
8,5,0,10,6,4,5,498.0
24,5,0,13,6,4,5,547.0
30,5,0,2,6,4,5,548.0
0,5,0,3,6,4,5,621.0
16,5,3,17,6,4,5,4779.0
0,5,0,5,0,4,6,340.0
30,5,0,17,0,4,6,410.0
8,5,0,22,0,4,6,429.0
24,5,0,18,0,4,6,443.0
0,5,0,3,0,4,6,340.0
0,5,0,15,0,4,6,340.0
1,5,1,17,0,4,6,423.0
8,5,0,2,0,4,6,454.0
8,5,0,10,0,4,6,454.0
30,5,0,2,0,4,6,478.0
30,5,0,9,0,4,6,478.0
16,5,3,17,0,4,6,4776.0
0,5,0,5,1,4,7,340.0
0,5,0,15,1,4,7,340.0
8,5,0,2,1,4,7,422.0
1,5,1,16,1,4,7,405.0
30,5,1,11,1,4,7,410.0
30,5,0,17,1,4,7,410.0
8,5,0,22,1,4,7,434.0
8,5,0,10,1,4,7,459.0
30,5,0,2,1,4,7,478.0
30,5,0,9,1,4,7,478.0
24,5,0,18,1,4,7,489.0
24,5,0,15,1,4,7,532.0
0,5,0,3,1,4,7,641.0
0,5,0,3,2,4,8,354.0
30,5,0,2,2,4,8,410.0
24,5,0,18,2,4,8,433.0
8,5,0,2,2,4,8,434.0
0,5,0,5,2,4,8,395.0
30,5,0,19,2,4,8,410.0
1,5,1,9,2,4,8,423.0
24,5,0,13,2,4,8,446.0
8,5,0,10,2,4,8,459.0
30,5,0,9,2,4,8,478.0
8,5,0,22,2,4,8,484.0
16,5,3,17,2,4,8,4800.0
0,5,0,15,3,4,9,338.0
0,5,0,5,3,4,9,363.0
8,5,0,2,3,4,9,429.0
1,5,1,8,3,4,9,403.0
30,5,1,11,3,4,9,410.0
8,5,0,10,3,4,9,454.0
8,5,0,22,3,4,9,454.0
30,5,0,2,3,4,9,478.0
30,5,0,9,3,4,9,478.0
30,5,0,17,3,4,9,478.0
0,5,0,3,3,4,9,496.0
24,5,0,18,3,4,9,512.0
0,5,0,15,4,4,10,340.0
30,5,0,17,4,4,10,410.0
8,5,0,2,4,4,10,454.0
1,5,1,17,4,4,10,403.0
8,5,0,10,4,4,10,454.0
8,5,0,22,4,4,10,454.0
24,5,0,13,4,4,10,468.0
24,5,0,18,4,4,10,468.0
0,5,0,5,4,4,10,513.0
0,5,0,3,4,4,10,528.0
30,5,0,2,4,4,10,530.0
30,5,0,9,4,4,10,713.0
30,5,0,17,5,4,11,410.0
0,5,0,5,5,4,11,416.0
8,5,0,22,5,4,11,434.0
24,5,0,18,5,4,11,436.0
1,5,1,16,5,4,11,403.0
8,5,0,2,5,4,11,459.0
8,5,0,10,5,4,11,484.0
30,5,0,2,5,4,11,535.0
0,5,0,15,5,4,11,559.0
0,5,0,3,5,4,11,662.0
30,5,0,9,5,4,11,713.0
16,5,3,17,5,4,11,4326.0
0,5,0,15,6,4,12,340.0
24,5,0,18,6,4,12,413.0
30,5,0,9,6,4,12,444.0
8,5,0,2,6,4,12,459.0
1,5,1,16,6,4,12,403.0
30,5,0,17,6,4,12,444.0
8,5,0,22,6,4,12,459.0
24,5,0,13,6,4,12,472.0
8,5,0,10,6,4,12,484.0
30,5,0,2,6,4,12,510.0
0,5,0,5,6,4,12,528.0
0,5,0,3,6,4,12,867.0
0,5,0,3,0,4,13,340.0
30,5,0,9,0,4,13,410.0
8,5,0,2,0,4,13,417.0
24,5,0,18,0,4,13,423.0
15,5,0,18,0,4,13,438.0
0,5,0,15,0,4,13,340.0
16,5,2,17,0,4,13,390.0
30,5,0,17,0,4,13,410.0
8,5,0,10,0,4,13,429.0
8,5,0,22,0,4,13,429.0
0,5,0,5,0,4,13,467.0
30,5,0,2,0,4,13,478.0
24,5,3,18,0,4,13,4298.0
0,5,0,5,1,4,14,340.0
0,5,0,15,1,4,14,340.0
0,5,0,3,1,4,14,343.0
15,5,0,18,1,4,14,376.0
30,5,0,17,1,4,14,390.0
24,5,0,18,1,4,14,403.0
24,5,0,15,1,4,14,456.0
8,5,0,2,1,4,14,459.0
8,5,0,22,1,4,14,459.0
30,5,0,2,1,4,14,478.0
30,5,0,9,1,4,14,535.0
8,5,0,10,1,4,14,586.0
0,5,0,5,2,4,15,340.0
30,5,0,19,2,4,15,358.0
15,5,0,18,2,4,15,358.0
8,5,0,22,2,4,15,434.0
0,5,0,3,2,4,15,340.0
30,5,1,11,2,4,15,370.0
24,5,0,13,2,4,15,413.0
24,5,0,18,2,4,15,423.0
8,5,0,2,2,4,15,459.0
8,5,0,10,2,4,15,459.0
30,5,0,2,2,4,15,478.0
30,5,0,9,2,4,15,478.0
24,5,3,18,2,4,15,4625.0
0,5,0,3,3,4,16,338.0
0,5,0,5,3,4,16,338.0
30,5,0,17,3,4,16,358.0
0,5,0,15,3,4,16,338.0
15,5,0,18,3,4,16,358.0
8,5,1,20,3,4,16,404.0
24,5,0,18,3,4,16,443.0
8,5,0,2,3,4,16,454.0
8,5,0,10,3,4,16,454.0
8,5,0,22,3,4,16,454.0
30,5,0,2,3,4,16,478.0
30,5,0,9,3,4,16,478.0
0,5,0,3,4,4,17,340.0
0,5,0,5,4,4,17,340.0
8,5,0,2,4,4,17,417.0
0,5,0,15,4,4,17,340.0
30,5,0,17,4,4,17,370.0
1,5,1,16,4,4,17,403.0
8,5,1,20,4,4,17,404.0
24,5,0,13,4,4,17,413.0
24,5,0,18,4,4,17,413.0
8,5,0,22,4,4,17,429.0
30,5,0,2,4,4,17,444.0
30,5,0,9,4,4,17,444.0
8,5,0,10,4,4,17,454.0
0,5,0,5,5,4,18,344.0
15,5,0,18,5,4,18,376.0
30,5,0,17,5,4,18,390.0
24,5,0,18,5,4,18,426.0
8,5,0,2,5,4,18,459.0
0,5,0,15,5,4,18,340.0
0,5,0,3,5,4,18,354.0
30,5,0,2,5,4,18,444.0
8,5,0,22,5,4,18,459.0
30,5,0,9,5,4,18,478.0
8,5,0,10,5,4,18,586.0
24,5,3,18,5,4,18,4095.0
0,5,0,5,6,4,19,340.0
0,5,0,15,6,4,19,340.0
8,5,0,22,6,4,19,409.0
30,5,0,17,6,4,19,390.0
24,5,0,13,6,4,19,392.0
24,5,0,18,6,4,19,392.0
30,5,0,2,6,4,19,410.0
30,5,0,9,6,4,19,410.0
8,5,0,2,6,4,19,422.0
8,5,0,10,6,4,19,459.0
0,5,0,3,6,4,19,513.0
0,5,0,5,0,4,20,340.0
30,5,0,17,0,4,20,358.0
15,5,0,18,0,4,20,358.0
24,5,0,18,0,4,20,392.0
8,5,0,2,0,4,20,404.0
0,5,0,3,0,4,20,340.0
0,5,0,15,0,4,20,340.0
30,5,0,2,0,4,20,410.0
8,5,0,10,0,4,20,417.0
8,5,0,22,0,4,20,417.0
30,5,0,9,0,4,20,444.0
24,5,3,18,0,4,20,4298.0
0,5,0,3,1,4,21,340.0
0,5,0,5,1,4,21,340.0
8,5,0,2,1,4,21,409.0
0,5,0,15,1,4,21,340.0
1,5,1,17,1,4,21,386.0
24,5,0,18,1,4,21,403.0
30,5,0,2,1,4,21,410.0
30,5,0,17,1,4,21,410.0
8,5,0,10,1,4,21,422.0
8,5,0,22,1,4,21,422.0
24,5,0,15,1,4,21,423.0
30,5,0,9,1,4,21,444.0
0,5,0,3,2,4,22,340.0
15,5,0,18,2,4,22,358.0
30,5,0,2,2,4,22,370.0
24,5,0,13,2,4,22,382.0
8,5,0,2,2,4,22,409.0
0,5,0,5,2,4,22,354.0
30,5,0,19,2,4,22,370.0
24,5,0,18,2,4,22,382.0
8,5,0,22,2,4,22,409.0
8,5,0,10,2,4,22,422.0
30,5,0,9,2,4,22,444.0
24,5,3,18,2,4,22,4578.0
2,15,1,22,6,2,22,776.0
23,15,0,0,6,2,22,877.0
23,15,0,12,6,2,22,939.0
24,15,0,1,6,2,22,1036.0
11,15,1,21,6,2,22,677.0
8,15,1,21,6,2,22,744.0
2,15,1,22,6,2,22,750.0
2,15,1,10,6,2,22,843.0
2,15,1,22,0,2,23,605.0
2,15,1,22,0,2,23,621.0
24,15,0,12,0,2,23,966.0
1,15,1,8,0,2,23,657.0
2,15,1,10,0,2,23,677.0
2,15,1,10,0,2,23,703.0
8,15,1,21,0,2,23,733.0
24,15,0,1,0,2,23,1347.0
2,15,1,22,1,2,24,484.0
1,15,1,17,1,2,24,510.0
23,15,0,0,1,2,24,741.0
1,15,1,8,1,2,24,404.0
1,15,1,8,1,2,24,510.0
2,15,1,10,1,2,24,584.0
27,15,1,23,1,2,24,696.0
23,15,0,12,1,2,24,891.0
24,15,0,12,1,2,24,1036.0
2,15,1,22,2,2,25,504.0
2,15,1,10,2,2,25,515.0
23,15,0,0,2,2,25,617.0
24,15,0,12,2,2,25,684.0
1,15,1,8,2,2,25,429.0
26,15,1,1,2,2,25,732.0
27,15,1,23,2,2,25,850.0
24,15,0,1,2,2,25,900.0
2,15,1,22,3,2,26,483.0
24,15,0,12,3,2,26,512.0
24,15,0,1,3,2,26,551.0
23,15,0,0,3,2,26,676.0
1,15,1,8,3,2,26,444.0
2,15,1,10,3,2,26,496.0
27,15,1,23,3,2,26,647.0
23,15,0,12,3,2,26,741.0
2,15,1,22,4,2,27,483.0
24,15,0,12,4,2,27,487.0
24,15,0,1,4,2,27,531.0
23,15,0,0,4,2,27,617.0
2,15,1,10,4,2,27,471.0
1,15,1,8,4,2,27,519.0
11,15,1,16,4,2,27,641.0
24,15,1,7,4,2,27,678.0
1,15,1,17,4,2,27,690.0
2,15,1,10,5,2,28,439.0
2,15,1,22,5,2,28,449.0
24,15,0,1,5,2,28,502.0
24,15,0,12,5,2,28,520.0
23,15,0,0,5,2,28,645.0
1,15,1,8,5,2,28,429.0
1,15,1,8,5,2,28,510.0
1,15,1,17,5,2,28,574.0
11,15,1,16,5,2,28,735.0
24,15,0,1,6,3,1,424.0
23,15,0,12,6,3,1,479.0
23,15,0,0,6,3,1,513.0
1,15,1,8,6,3,1,429.0
1,15,1,8,6,3,1,459.0
1,15,1,16,6,3,1,510.0
1,15,1,17,6,3,1,574.0
11,15,1,16,6,3,1,597.0
24,15,0,12,6,3,1,601.0
24,15,1,7,6,3,1,1405.0
24,15,0,1,0,3,2,411.0
2,15,1,22,0,3,2,382.0
2,15,1,10,0,3,2,387.0
1,15,1,17,0,3,2,404.0
24,15,0,12,0,3,2,487.0
23,15,0,0,0,3,2,611.0
2,15,1,22,1,3,3,285.0
24,15,0,1,1,3,3,411.0
24,15,0,12,1,3,3,424.0
23,15,0,12,1,3,3,560.0
2,15,1,10,1,3,3,396.0
1,15,1,17,1,3,3,551.0
11,15,1,16,1,3,3,597.0
23,15,0,0,1,3,3,645.0
23,15,0,0,2,3,4,390.0
2,15,1,22,2,3,4,392.0
2,15,1,10,2,3,4,393.0
24,15,0,1,2,3,4,411.0
24,15,0,12,2,3,4,411.0
1,15,1,19,2,3,4,444.0
1,15,1,19,2,3,4,475.0
24,15,1,7,2,3,4,645.0
23,15,0,12,3,3,5,331.0
23,15,0,0,3,3,5,348.0
2,15,1,22,3,3,5,379.0
24,15,0,1,3,3,5,411.0
24,15,0,12,3,3,5,411.0
1,15,1,17,3,3,5,494.0
1,15,1,17,3,3,5,525.0
11,15,1,16,3,3,5,567.0
2,15,1,10,4,3,6,276.0
2,15,1,22,4,3,6,305.0
24,15,0,1,4,3,6,411.0
24,15,0,12,4,3,6,411.0
23,15,0,0,4,3,6,447.0
1,15,1,17,4,3,6,519.0
1,15,1,17,4,3,6,551.0
24,15,1,7,4,3,6,669.0
2,15,1,22,5,3,7,281.0
2,15,1,10,5,3,7,300.0
24,15,0,1,5,3,7,371.0
24,15,0,12,5,3,7,371.0
23,15,0,0,5,3,7,540.0
1,15,1,8,5,3,7,429.0
1,15,1,17,5,3,7,459.0
11,15,1,16,5,3,7,567.0
24,15,1,7,5,3,7,748.0
2,15,1,22,6,3,8,362.0
24,15,0,1,6,3,8,371.0
24,15,0,12,6,3,8,371.0
1,15,1,16,6,3,8,339.0
2,15,1,22,0,3,9,299.0
24,15,0,1,0,3,9,371.0
24,15,0,12,0,3,9,457.0
2,15,1,10,0,3,9,402.0
2,15,1,10,0,3,9,410.0
1,15,1,16,0,3,9,454.0
11,15,1,16,0,3,9,567.0
1,15,1,17,0,3,9,576.0
2,15,1,10,1,3,10,296.0
2,15,1,22,1,3,10,296.0
24,15,0,1,1,3,10,371.0
2,15,1,10,1,3,10,380.0
24,15,0,12,1,3,10,391.0
1,15,1,8,1,3,10,429.0
1,15,1,16,1,3,10,459.0
1,15,1,17,1,3,10,510.0
11,15,1,16,1,3,10,567.0
2,15,1,22,2,3,11,278.0
23,15,0,0,2,3,11,331.0
24,15,0,1,2,3,11,371.0
1,15,1,8,2,3,11,339.0
1,15,1,9,2,3,11,339.0
2,15,1,10,2,3,11,356.0
24,15,0,12,2,3,11,371.0
8,15,1,21,2,3,11,580.0
2,15,1,10,3,3,12,269.0
2,15,1,22,3,3,12,276.0
24,15,0,12,3,3,12,371.0
23,15,0,12,3,3,12,431.0
23,15,0,0,3,3,12,479.0
1,15,1,8,3,3,12,339.0
1,15,1,17,3,3,12,434.0
24,15,0,1,3,3,12,548.0
2,15,1,22,4,3,13,268.0
2,15,1,10,4,3,13,276.0
23,15,0,0,4,3,13,331.0
24,15,0,1,4,3,13,371.0
24,15,0,12,4,3,13,371.0
1,15,1,16,4,3,13,339.0
1,15,1,17,4,3,13,459.0
8,15,1,21,4,3,13,568.0
2,15,1,10,5,3,14,350.0
2,15,1,22,5,3,14,355.0
24,15,0,1,5,3,14,371.0
24,15,0,12,5,3,14,371.0
23,15,0,0,5,3,14,448.0
1,15,1,16,5,3,14,379.0
1,15,1,17,5,3,14,434.0
1,15,1,17,5,3,14,459.0
2,15,1,22,6,3,15,300.0
24,15,0,1,6,3,15,371.0
24,15,0,12,6,3,15,371.0
1,15,1,8,6,3,15,339.0
1,15,1,16,6,3,15,339.0
2,15,1,10,6,3,15,353.0
1,15,1,16,6,3,15,459.0
8,15,1,21,6,3,15,635.0
2,15,1,22,0,3,16,368.0
24,15,0,1,0,3,16,371.0
23,15,0,0,0,3,16,535.0
1,15,1,16,0,3,16,339.0
2,15,1,10,0,3,16,376.0
1,15,1,8,0,3,16,434.0
24,15,0,12,0,3,16,457.0
8,15,1,21,0,3,16,568.0
1,15,1,8,1,3,17,339.0
2,15,1,22,1,3,17,353.0
24,15,0,1,1,3,17,371.0
24,15,0,12,1,3,17,371.0
1,15,1,16,1,3,17,339.0
1,15,1,17,1,3,17,339.0
1,15,1,17,1,3,17,434.0
8,15,1,21,1,3,17,580.0
2,15,1,22,2,3,18,353.0
24,15,0,1,2,3,18,371.0
24,15,0,12,2,3,18,371.0
1,15,1,9,2,3,18,339.0
2,15,1,10,3,3,19,279.0
2,15,1,22,3,3,19,283.0
24,15,0,12,3,3,19,371.0
23,15,0,12,3,3,19,372.0
23,15,0,0,3,3,19,390.0
1,15,1,8,3,3,19,339.0
1,15,1,17,3,3,19,339.0
24,15,0,1,3,3,19,467.0
2,15,1,22,4,3,20,296.0
2,15,1,10,4,3,20,297.0
1,15,1,17,4,3,20,339.0
24,15,0,1,4,3,20,371.0
24,15,0,12,4,3,20,371.0
11,15,1,16,4,3,20,770.0
24,15,1,7,4,3,20,778.0
8,15,1,21,4,3,20,870.0
2,15,1,22,5,3,21,288.0
24,15,0,1,5,3,21,371.0
24,15,0,12,5,3,21,371.0
2,15,1,10,5,3,21,289.0
2,15,1,10,5,3,21,302.0
1,15,1,17,5,3,21,339.0
24,15,1,7,5,3,21,817.0
24,15,1,7,5,3,21,851.0
2,15,1,22,6,3,22,197.0
24,15,0,1,6,3,22,371.0
2,15,1,10,6,3,22,327.0
1,15,1,16,6,3,22,339.0
24,15,0,12,6,3,22,391.0
2,15,1,22,0,3,23,285.0
24,15,0,1,0,3,23,371.0
24,15,0,12,0,3,23,467.0
2,15,1,10,0,3,23,394.0
1,15,1,17,0,3,23,404.0
2,15,1,10,0,3,23,407.0
24,15,1,7,0,3,23,660.0
24,15,1,7,0,3,23,699.0
2,15,1,10,1,3,24,267.0
2,15,1,22,1,3,24,267.0
24,15,0,1,1,3,24,391.0
1,15,1,17,1,3,24,339.0
2,15,1,10,1,3,24,370.0
24,15,0,12,1,3,24,477.0
23,15,0,12,1,3,24,626.0
23,15,0,0,1,3,24,644.0
2,15,1,22,2,3,25,254.0
2,15,1,10,2,3,25,370.0
24,15,0,1,2,3,25,371.0
24,15,0,12,2,3,25,371.0
23,15,0,0,2,3,25,674.0
1,15,1,19,2,3,25,429.0
24,15,1,1,2,3,25,780.0
24,15,1,7,2,3,25,781.0
24,15,1,7,2,3,25,813.0
2,15,1,10,3,3,26,197.0
2,15,1,22,3,3,26,283.0
1,15,1,17,3,3,26,339.0
24,15,0,1,3,3,26,371.0
24,15,0,12,3,3,26,371.0
1,15,1,8,3,3,26,339.0
24,15,1,7,3,3,26,748.0
24,15,1,7,3,3,26,847.0
2,15,1,22,4,3,27,287.0
2,15,1,10,4,3,27,289.0
24,15,0,1,4,3,27,371.0
24,15,0,12,4,3,27,371.0
1,15,1,17,4,3,27,429.0
24,15,1,7,4,3,27,744.0
11,15,1,16,4,3,27,768.0
8,15,1,21,4,3,27,1257.0
2,15,1,10,5,3,28,289.0
2,15,1,22,5,3,28,295.0
24,15,0,1,5,3,28,401.0
1,15,1,8,5,3,28,339.0
1,15,1,16,5,3,28,339.0
1,15,1,17,5,3,28,339.0
1,15,1,17,5,3,28,459.0
24,15,0,12,5,3,28,531.0
2,15,1,22,6,3,29,306.0
24,15,0,1,6,3,29,401.0
24,15,0,12,6,3,29,401.0
23,15,0,0,6,3,29,626.0
1,15,1,8,6,3,29,339.0
1,15,1,17,6,3,29,339.0
23,15,0,11,6,3,29,626.0
24,15,1,7,6,3,29,694.0
3,15,1,2,0,3,30,287.0
2,15,1,22,0,3,30,299.0
24,15,0,1,0,3,30,404.0
3,15,1,2,0,3,30,284.0
1,15,1,17,0,3,30,339.0
2,15,1,10,0,3,30,384.0
24,15,0,12,0,3,30,404.0
24,15,1,7,0,3,30,627.0
2,15,1,22,1,3,31,275.0
3,15,1,2,1,3,31,322.0
24,15,0,1,1,3,31,401.0
23,15,0,11,1,3,31,560.0
3,15,1,2,1,3,31,295.0
2,15,1,10,1,3,31,364.0
24,15,0,12,1,3,31,497.0
23,15,0,0,1,3,31,645.0
23,15,0,0,2,4,1,390.0
1,15,1,8,2,4,1,339.0
1,15,1,19,2,4,1,339.0
2,15,1,22,2,4,1,355.0
2,15,1,10,2,4,1,375.0
24,15,0,1,2,4,1,431.0
24,15,0,12,2,4,1,431.0
3,15,1,2,3,4,2,274.0
2,15,1,22,3,4,2,276.0
23,15,0,0,3,4,2,372.0
23,15,0,11,3,4,2,372.0
2,15,1,10,3,4,2,269.0
3,15,2,2,3,4,2,271.0
1,15,1,8,3,4,2,339.0
1,15,1,17,3,4,2,339.0
24,15,0,1,3,4,2,431.0
24,15,0,12,3,4,2,431.0
2,15,1,22,4,4,3,279.0
23,15,0,0,4,4,3,372.0
2,15,1,10,4,4,3,269.0
1,15,1,8,4,4,3,339.0
24,15,0,1,4,4,3,431.0
24,15,0,12,4,4,3,431.0
2,15,1,10,5,4,4,279.0
3,15,1,2,5,4,4,282.0
2,15,1,22,5,4,4,301.0
1,15,1,8,5,4,4,339.0
24,15,0,1,5,4,4,431.0
24,15,0,12,5,4,4,431.0
2,15,1,22,6,4,5,303.0
24,15,0,1,6,4,5,431.0
24,15,0,12,6,4,5,431.0
2,15,1,10,6,4,5,363.0
1,15,1,17,6,4,5,379.0
3,15,1,2,0,4,6,297.0
24,15,0,1,0,4,6,431.0
3,15,1,2,0,4,6,282.0
2,15,1,22,0,4,6,394.0
2,15,1,10,0,4,6,416.0
24,15,0,12,0,4,6,497.0
2,15,1,10,1,4,7,267.0
2,15,1,22,1,4,7,358.0
24,15,0,1,1,4,7,431.0
24,15,0,12,1,4,7,434.0
23,15,0,0,1,4,7,644.0
1,15,1,17,1,4,7,379.0
8,15,1,22,1,4,7,583.0
23,15,0,11,1,4,7,670.0
2,15,1,10,2,4,8,254.0
24,15,0,1,2,4,8,431.0
23,15,0,0,2,4,8,447.0
2,15,1,22,2,4,8,348.0
2,15,1,10,2,4,8,355.0
1,15,1,19,2,4,8,379.0
19,15,1,0,2,4,8,426.0
24,15,0,12,2,4,8,431.0
2,15,1,10,3,4,9,197.0
3,15,1,2,3,4,9,259.0
24,15,0,1,3,4,9,431.0
23,15,0,0,3,4,9,479.0
2,15,1,22,3,4,9,295.0
2,15,1,10,3,4,9,300.0
1,15,1,16,3,4,9,379.0
24,15,0,12,3,4,9,431.0
23,15,0,11,3,4,9,479.0
2,15,1,22,4,4,10,351.0
24,15,0,1,4,4,10,401.0
19,15,1,11,4,4,10,403.0
24,15,0,12,4,4,10,404.0
23,15,0,0,4,4,10,447.0
1,15,1,17,4,4,10,333.0
1,15,1,17,4,4,10,369.0
2,15,1,10,4,4,10,392.0
3,15,1,2,5,4,11,339.0
2,15,1,10,5,4,11,383.0
24,15,0,12,5,4,11,404.0
24,15,0,1,5,4,11,467.0
3,15,1,2,5,4,11,322.0
1,15,1,17,5,4,11,354.0
2,15,1,10,5,4,11,392.0
2,15,1,22,5,4,11,445.0
2,15,1,22,5,4,11,452.0
23,15,0,0,5,4,11,857.0
2,15,1,22,6,4,12,197.0
24,15,0,1,6,4,12,401.0
23,15,0,11,6,4,12,479.0
2,15,1,10,6,4,12,374.0
1,15,1,16,6,4,12,379.0
1,15,1,17,6,4,12,399.0
24,15,0,12,6,4,12,457.0
23,15,0,0,6,4,12,554.0
2,15,1,10,0,4,13,285.0
2,15,1,22,0,4,13,285.0
3,15,1,2,0,4,13,306.0
24,15,0,1,0,4,13,401.0
23,15,0,0,0,4,13,506.0
3,15,1,2,0,4,13,304.0
1,15,1,8,0,4,13,379.0
24,15,0,12,0,4,13,467.0
24,15,0,1,1,4,14,391.0
24,15,0,12,1,4,14,404.0
23,15,0,11,1,4,14,448.0
2,15,1,10,1,4,14,295.0
3,15,1,2,1,4,14,325.0
1,15,1,17,1,4,14,379.0
23,15,0,0,1,4,14,506.0
2,15,1,22,1,4,14,518.0
2,15,1,10,2,4,15,274.0
2,15,1,22,2,4,15,274.0
24,15,0,1,2,4,15,371.0
24,15,0,12,2,4,15,371.0
23,15,0,0,2,4,15,479.0
1,15,1,8,2,4,15,379.0
1,15,1,19,2,4,15,379.0
8,15,1,22,2,4,15,583.0
24,15,1,7,2,4,15,773.0
2,15,1,10,3,4,16,197.0
3,15,1,2,3,4,16,287.0
24,15,0,1,3,4,16,371.0
2,15,1,22,3,4,16,276.0
24,15,0,12,3,4,16,371.0
1,15,1,17,3,4,16,379.0
23,15,0,11,3,4,16,506.0
23,15,0,0,3,4,16,535.0
2,15,1,22,4,4,17,272.0
2,15,1,10,4,4,17,283.0
24,15,0,1,4,4,17,371.0
24,15,0,12,4,4,17,371.0
23,15,0,0,4,4,17,479.0
1,15,1,8,4,4,17,339.0
1,15,1,17,4,4,17,339.0
8,15,1,22,4,4,17,571.0
3,15,1,2,5,4,18,264.0
2,15,1,22,5,4,18,288.0
24,15,0,1,5,4,18,371.0
3,15,1,2,5,4,18,259.0
2,15,1,10,5,4,18,274.0
1,15,1,17,5,4,18,339.0
24,15,0,12,5,4,18,371.0
2,15,1,22,6,4,19,267.0
24,15,0,1,6,4,19,371.0
24,15,0,12,6,4,19,371.0
23,15,0,0,6,4,19,626.0
1,15,1,17,6,4,19,379.0
11,15,1,16,6,4,19,567.0
8,15,1,22,6,4,19,583.0
23,15,0,11,6,4,19,661.0
3,15,1,2,0,4,20,289.0
2,15,1,22,0,4,20,303.0
24,15,0,1,0,4,20,371.0
3,15,1,2,0,4,20,276.0
3,15,1,2,0,4,20,279.0
2,15,1,10,0,4,20,303.0
24,15,0,12,0,4,20,371.0
2,15,1,22,1,4,21,268.0
24,15,0,1,1,4,21,371.0
23,15,0,11,1,4,21,422.0
2,15,1,10,1,4,21,268.0
24,15,0,12,1,4,21,371.0
23,15,0,0,1,4,21,479.0
2,15,1,22,2,4,22,254.0
24,15,0,1,2,4,22,371.0
23,15,0,0,2,4,22,431.0
2,15,1,10,2,4,22,254.0
2,15,1,22,2,4,22,281.0
24,15,0,12,2,4,22,371.0
27,2,0,2,6,2,22,702.0
27,2,0,23,6,2,22,702.0
24,2,0,7,6,2,22,994.0
26,2,0,1,6,2,22,1074.0
1,2,1,16,6,2,22,510.0
1,2,1,17,6,2,22,545.0
2,2,1,22,6,2,22,606.0
2,2,1,10,6,2,22,608.0
1,2,1,8,6,2,22,701.0
24,2,0,1,6,2,22,1007.0
26,2,0,1,0,2,23,675.0
24,2,0,1,0,2,23,720.0
24,2,0,7,0,2,23,720.0
27,2,0,23,0,2,23,736.0
1,2,1,16,0,2,23,480.0
1,2,1,17,0,2,23,511.0
2,2,1,22,0,2,23,608.0
2,2,1,10,0,2,23,640.0
27,2,0,23,1,2,24,542.0
24,2,0,7,1,2,24,585.0
26,2,0,1,1,2,24,710.0
2,2,1,22,1,2,24,467.0
2,2,1,22,1,2,24,472.0
2,2,1,10,1,2,24,477.0
1,2,1,8,1,2,24,511.0
24,2,0,1,1,2,24,651.0
2,2,1,10,2,2,25,414.0
27,2,0,2,2,2,25,525.0
24,2,0,7,2,2,25,604.0
24,2,0,1,2,2,25,624.0
26,2,0,1,2,2,25,710.0
2,2,1,22,2,2,25,424.0
2,2,1,22,2,2,25,430.0
1,2,1,9,2,2,25,449.0
27,2,0,23,2,2,25,631.0
27,2,0,23,3,2,26,430.0
24,2,0,7,3,2,26,554.0
26,2,0,1,3,2,26,711.0
2,2,1,10,3,2,26,424.0
2,2,1,22,3,2,26,430.0
1,2,1,17,3,2,26,503.0
1,2,1,8,3,2,26,546.0
24,2,0,1,3,2,26,604.0
24,2,1,7,3,2,26,672.0
2,2,1,10,4,2,27,414.0
27,2,0,23,4,2,27,422.0
27,2,0,2,4,2,27,484.0
24,2,0,7,4,2,27,503.0
26,2,0,1,4,2,27,711.0
1,2,1,8,4,2,27,539.0
24,2,1,7,4,2,27,638.0
24,2,0,1,4,2,27,660.0
24,2,0,7,5,2,28,437.0
27,2,0,23,5,2,28,439.0
26,2,0,1,5,2,28,609.0
2,2,1,10,5,2,28,457.0
24,2,0,1,5,2,28,589.0
27,2,0,2,6,3,1,350.0
24,2,0,7,6,3,1,395.0
26,2,0,1,6,3,1,417.0
27,2,0,23,6,3,1,350.0
2,2,1,22,6,3,1,351.0
2,2,1,10,6,3,1,358.0
24,2,0,1,6,3,1,425.0
1,2,1,8,6,3,1,525.0
24,2,1,7,6,3,1,638.0
27,2,0,23,0,3,2,350.0
24,2,0,7,0,3,2,395.0
26,2,0,1,0,3,2,417.0
2,2,1,10,0,3,2,331.0
2,2,1,22,0,3,2,331.0
2,2,1,22,0,3,2,337.0
24,2,0,1,0,3,2,417.0
2,2,1,10,1,3,3,231.0
2,2,1,22,1,3,3,231.0
27,2,0,23,1,3,3,314.0
26,2,0,1,1,3,3,417.0
24,2,0,7,1,3,3,437.0
24,2,0,1,1,3,3,476.0
1,2,1,8,1,3,3,502.0
24,2,1,7,1,3,3,649.0
2,2,1,22,2,3,4,231.0
27,2,0,2,2,3,4,259.0
27,2,0,23,2,3,4,259.0
26,2,0,1,2,3,4,417.0
2,2,1,10,2,3,4,231.0
19,2,1,0,2,3,4,408.0
24,2,0,7,2,3,4,410.0
24,2,0,1,2,3,4,516.0
1,2,1,9,2,3,4,526.0
2,2,1,22,3,3,5,231.0
27,2,0,23,3,3,5,259.0
26,2,0,1,3,3,5,417.0
2,2,1,10,3,3,5,231.0
19,2,1,0,3,3,5,370.0
24,2,0,7,3,3,5,412.0
24,2,0,1,3,3,5,461.0
27,2,0,23,4,3,6,253.0
27,2,0,2,4,3,6,259.0
26,2,0,1,4,3,6,417.0
24,2,0,7,4,3,6,437.0
2,2,1,10,4,3,6,318.0
2,2,1,10,4,3,6,327.0
24,2,0,1,4,3,6,461.0
1,2,1,8,4,3,6,509.0
2,2,1,22,5,3,7,231.0
27,2,0,23,5,3,7,259.0
2,2,1,10,5,3,7,231.0
26,2,0,1,5,3,7,417.0
24,2,0,7,5,3,7,437.0
24,2,0,1,5,3,7,589.0
27,2,0,2,6,3,8,253.0
27,2,0,23,6,3,8,259.0
19,2,1,0,6,3,8,309.0
2,2,1,10,6,3,8,331.0
24,2,0,7,6,3,8,381.0
26,2,0,1,6,3,8,417.0
24,2,0,1,6,3,8,447.0
2,2,1,10,0,3,9,231.0
2,2,1,22,0,3,9,231.0
27,2,0,23,0,3,9,259.0
24,2,0,7,0,3,9,381.0
19,2,1,0,0,3,9,419.0
24,2,0,1,0,3,9,435.0
24,2,1,7,0,3,9,649.0
26,2,0,1,0,3,9,655.0
2,2,1,10,1,3,10,231.0
2,2,1,22,1,3,10,231.0
27,2,0,23,1,3,10,253.0
19,2,1,0,1,3,10,403.0
26,2,0,1,1,3,10,417.0
24,2,0,7,1,3,10,437.0
24,2,0,1,1,3,10,503.0
2,2,1,22,2,3,11,231.0
27,2,0,2,2,3,11,240.0
27,2,0,23,2,3,11,240.0
2,2,1,10,2,3,11,231.0
19,2,1,0,2,3,11,370.0
24,2,0,7,2,3,11,410.0
26,2,0,1,2,3,11,417.0
24,2,0,1,2,3,11,486.0
2,2,1,10,3,3,12,231.0
2,2,1,22,3,3,12,231.0
27,2,0,23,3,3,12,253.0
24,2,0,7,3,3,12,412.0
26,2,0,1,3,3,12,417.0
19,2,1,0,3,3,12,309.0
19,2,1,0,3,3,12,373.0
24,2,0,1,3,3,12,461.0
2,2,1,10,4,3,13,231.0
27,2,0,2,4,3,13,240.0
27,2,0,23,4,3,13,253.0
26,2,0,1,4,3,13,417.0
24,2,0,7,4,3,13,437.0
19,2,1,0,4,3,13,403.0
24,2,0,1,4,3,13,476.0
1,2,1,8,4,3,13,586.0
24,2,1,7,4,3,13,672.0
2,2,1,10,5,3,14,231.0
2,2,1,22,5,3,14,231.0
27,2,0,23,5,3,14,253.0
24,2,0,7,5,3,14,395.0
26,2,0,1,5,3,14,417.0
24,2,0,1,5,3,14,432.0
1,2,1,8,5,3,14,568.0
24,2,1,7,5,3,14,672.0
2,2,1,10,6,3,15,231.0
27,2,0,2,6,3,15,240.0
27,2,0,23,6,3,15,240.0
24,2,0,7,6,3,15,371.0
26,2,0,1,6,3,15,417.0
24,2,0,1,6,3,15,412.0
1,2,1,8,6,3,15,546.0
24,2,1,7,6,3,15,672.0
27,2,0,23,0,3,16,259.0
2,2,1,10,0,3,16,313.0
24,2,0,7,0,3,16,395.0
26,2,0,1,0,3,16,417.0
24,2,0,1,0,3,16,437.0
1,2,1,8,0,3,16,509.0
24,2,1,7,0,3,16,672.0
24,2,1,7,0,3,16,676.0
27,2,0,23,1,3,17,259.0
2,2,1,10,1,3,17,313.0
26,2,0,1,1,3,17,417.0
24,2,0,7,1,3,17,437.0
19,2,1,0,1,3,17,408.0
1,2,1,8,1,3,17,471.0
24,2,0,1,1,3,17,513.0
24,2,1,7,1,3,17,682.0
27,2,0,2,2,3,18,240.0
27,2,0,23,2,3,18,240.0
2,2,1,10,2,3,18,328.0
24,2,0,7,2,3,18,395.0
26,2,0,1,2,3,18,417.0
24,2,0,1,2,3,18,447.0
1,2,1,9,2,3,18,503.0
2,2,1,22,3,3,19,231.0
27,2,0,23,3,3,19,259.0
24,2,0,7,3,3,19,412.0
26,2,0,1,3,3,19,417.0
2,2,1,10,3,3,19,347.0
2,2,1,10,3,3,19,368.0
1,2,1,8,3,3,19,454.0
24,2,0,1,3,3,19,461.0
27,2,0,2,4,3,20,240.0
2,2,1,10,4,3,20,231.0
27,2,0,23,4,3,20,259.0
24,2,0,7,4,3,20,405.0
26,2,0,1,4,3,20,417.0
24,2,0,1,4,3,20,435.0
27,2,0,23,5,3,21,253.0
2,2,1,10,5,3,21,347.0
26,2,0,1,5,3,21,417.0
24,2,0,7,5,3,21,437.0
24,2,0,1,5,3,21,513.0
1,2,1,8,5,3,21,622.0
24,2,1,7,5,3,21,724.0
24,2,1,7,5,3,21,795.0
2,2,1,22,6,3,22,231.0
27,2,0,2,6,3,22,240.0
27,2,0,23,6,3,22,253.0
24,2,0,7,6,3,22,371.0
26,2,0,1,6,3,22,417.0
2,2,1,22,6,3,22,231.0
2,2,1,10,6,3,22,364.0
24,2,0,1,6,3,22,422.0
2,2,1,22,0,3,23,231.0
2,2,1,22,0,3,23,231.0
27,2,0,23,0,3,23,253.0
24,2,0,7,0,3,23,371.0
2,2,1,10,0,3,23,231.0
26,2,0,1,0,3,23,417.0
24,2,0,1,0,3,23,422.0
24,2,1,7,0,3,23,709.0
11,9,1,21,6,2,22,1520.0
21,9,1,11,6,2,22,1531.0
24,9,0,12,6,2,22,1784.0
1,9,1,8,6,2,22,1334.0
20,9,1,19,6,2,22,1411.0
21,9,1,19,6,2,22,1477.0
20,9,1,3,6,2,22,1524.0
8,9,1,21,6,2,22,1671.0
8,9,2,20,6,2,22,1817.0
24,9,0,2,6,2,22,1927.0
20,9,1,4,6,2,22,2697.0
21,9,1,4,6,2,22,3251.0
1,9,1,17,0,2,23,978.0
10,9,1,21,0,2,23,1324.0
21,9,1,4,0,2,23,1496.0
1,9,1,8,0,2,23,1122.0
16,9,2,16,0,2,23,1123.0
8,9,2,20,0,2,23,1140.0
8,9,1,21,0,2,23,1148.0
21,9,1,19,0,2,23,1197.0
8,9,1,21,0,2,23,1281.0
11,9,1,21,0,2,23,1359.0
21,9,1,19,0,2,23,1496.0
24,9,0,12,0,2,23,2042.0
8,9,1,9,0,2,23,2906.0
8,9,2,20,1,2,24,988.0
21,9,1,11,1,2,24,1239.0
9,9,1,21,1,2,24,1254.0
8,9,2,20,1,2,24,980.0
8,9,2,20,1,2,24,986.0
8,9,2,20,1,2,24,1065.0
1,9,1,8,1,2,24,1104.0
8,9,2,20,1,2,24,1185.0
16,9,2,15,1,2,24,1222.0
21,9,1,4,1,2,24,1321.0
21,9,1,4,1,2,24,1425.0
24,9,0,12,1,2,24,1647.0
8,9,1,9,1,2,24,1740.0
8,9,2,20,2,2,25,954.0
1,9,1,8,2,2,25,966.0
9,9,1,21,2,2,25,1080.0
29,9,1,21,2,2,25,1147.0
21,9,1,20,2,2,25,1155.0
29,9,2,11,2,2,25,900.0
8,9,2,20,2,2,25,1000.0
8,9,2,20,2,2,25,1020.0
16,9,2,17,2,2,25,1114.0
29,9,1,23,2,2,25,1147.0
8,9,1,9,2,2,25,1254.0
8,9,1,9,2,2,25,1273.0
20,9,1,4,2,2,25,1450.0
24,9,0,12,2,2,25,1647.0
1,9,1,8,3,2,26,932.0
8,9,2,20,3,2,26,959.0
9,9,2,20,3,2,26,970.0
9,9,1,21,3,2,26,1081.0
8,9,2,20,3,2,26,890.0
8,9,2,20,3,2,26,926.0
8,9,2,20,3,2,26,952.0
1,9,1,8,3,2,26,999.0
10,9,1,2,3,2,26,1081.0
9,9,1,21,3,2,26,1097.0
20,9,1,3,3,2,26,1118.0
21,9,1,3,3,2,26,1180.0
21,9,1,19,3,2,26,1180.0
8,9,1,9,3,2,26,1210.0
11,9,1,21,3,2,26,1219.0
11,9,1,9,3,2,26,1232.0
24,9,0,12,3,2,26,1394.0
20,9,1,4,3,2,26,1475.0
8,9,1,2,4,2,27,840.0
9,9,1,2,4,2,27,920.0
10,9,1,9,4,2,27,959.0
1,9,1,8,4,2,27,937.0
9,9,1,9,4,2,27,970.0
29,9,2,11,4,2,27,1022.0
20,9,1,19,4,2,27,1052.0
9,9,1,21,4,2,27,1070.0
11,9,1,9,4,2,27,1231.0
24,9,0,12,4,2,27,1409.0
8,9,1,9,4,2,27,1449.0
20,9,1,4,4,2,27,1524.0
15,8,0,3,6,2,22,433.0
2,8,0,22,6,2,22,502.0
2,8,0,10,6,2,22,541.0
24,8,0,7,6,2,22,725.0
19,8,0,0,6,2,22,892.0
24,8,0,1,6,2,22,1102.0
2,8,0,10,0,2,23,419.0
2,8,0,22,0,2,23,419.0
24,8,0,7,0,2,23,525.0
24,8,0,1,0,2,23,725.0
26,8,1,1,0,2,23,987.0
2,8,0,10,1,2,24,334.0
25,8,0,7,1,2,24,363.0
2,8,0,22,1,2,24,334.0
1,8,1,17,1,2,24,454.0
19,8,0,0,1,2,24,571.0
24,8,0,1,1,2,24,639.0
24,8,1,12,1,2,24,2208.0
2,8,0,10,2,2,25,334.0
2,8,0,22,2,2,25,334.0
25,8,0,7,2,2,25,452.0
19,8,0,0,2,2,25,571.0
1,8,1,8,2,2,25,544.0
25,8,0,1,2,2,25,578.0
29,8,1,23,2,2,25,1396.0
24,8,1,12,2,2,25,1826.0
24,8,1,1,2,2,25,2071.0
25,8,0,7,3,2,26,297.0
2,8,0,10,3,2,26,324.0
2,8,0,22,3,2,26,324.0
25,8,0,1,3,2,26,356.0
19,8,0,0,3,2,26,495.0
24,8,1,12,3,2,26,1684.0
24,8,1,1,3,2,26,1750.0
2,8,0,10,4,2,27,297.0
2,8,0,22,4,2,27,324.0
25,8,0,7,4,2,27,336.0
25,8,0,1,4,2,27,361.0
19,8,0,0,4,2,27,452.0
19,8,2,0,4,2,27,1124.0
24,8,1,12,4,2,27,1658.0
24,8,1,1,4,2,27,1701.0
2,8,0,22,5,2,28,297.0
25,8,0,7,5,2,28,313.0
2,8,0,10,5,2,28,324.0
25,8,0,1,5,2,28,351.0
19,8,0,0,5,2,28,784.0
26,8,1,1,5,2,28,713.0
24,8,1,1,5,2,28,1684.0
24,8,1,12,5,2,28,1701.0
15,8,0,3,6,3,1,256.0
2,8,0,10,6,3,1,262.0
25,8,0,7,6,3,1,297.0
2,8,0,22,6,3,1,262.0
25,8,0,1,6,3,1,323.0
19,8,0,0,6,3,1,477.0
24,8,1,12,6,3,1,1783.0
19,8,3,0,6,3,1,2393.0
2,8,0,10,0,3,2,242.0
24,8,0,7,0,3,2,297.0
2,8,0,22,0,3,2,242.0
24,8,0,1,0,3,2,323.0
19,8,0,0,0,3,2,426.0
19,8,2,0,0,3,2,1079.0
8,9,1,21,6,2,22,1559.0
1,9,1,17,0,2,23,977.0
8,9,1,21,0,2,23,1324.0
1,9,1,8,0,2,23,1108.0
8,9,1,21,0,2,23,1255.0
20,9,1,19,0,2,23,1496.0
8,9,2,20,1,2,24,1015.0
9,9,1,21,1,2,24,1227.0
8,9,2,20,1,2,24,1039.0
8,9,2,20,1,2,24,1158.0
21,9,1,4,1,2,24,1434.0
8,9,1,9,1,2,24,1790.0
1,8,1,17,1,2,24,519.0
25,8,0,7,2,2,25,453.0
19,8,0,0,2,2,25,572.0
25,8,0,1,2,2,25,486.0
1,8,1,8,2,2,25,545.0
29,8,1,23,2,2,25,1399.0
24,8,1,12,2,2,25,1830.0
24,8,1,1,2,2,25,2076.0
25,8,0,7,3,2,26,298.0
2,8,0,10,3,2,26,325.0
2,8,0,22,3,2,26,325.0
25,8,0,1,3,2,26,357.0
19,8,0,0,3,2,26,496.0
24,8,1,12,3,2,26,1688.0
24,8,1,1,3,2,26,1754.0
2,8,0,22,4,2,27,325.0
25,8,0,7,4,2,27,337.0
25,8,0,1,4,2,27,382.0
19,8,0,0,4,2,27,453.0
19,8,2,0,4,2,27,1126.0
24,8,1,12,4,2,27,1662.0
24,8,1,1,4,2,27,1705.0
24,8,0,7,5,2,28,313.0
2,8,0,10,5,2,28,325.0
24,8,0,1,5,2,28,328.0
26,8,1,1,5,2,28,715.0
19,8,0,0,5,2,28,786.0
16,4,2,16,6,2,22,552.0
29,4,1,9,6,2,22,584.0
0,4,1,4,6,2,22,643.0
20,4,0,4,6,2,22,876.0
0,4,1,2,6,2,22,745.0
20,4,0,3,6,2,22,1016.0
20,4,0,19,6,2,22,1016.0
13,4,1,21,6,2,22,1096.0
24,4,0,18,6,2,22,1468.0
20,4,0,10,6,2,22,1543.0
20,4,0,11,6,2,22,1543.0
11,4,1,16,6,2,22,2138.0
18,4,1,4,0,2,23,460.0
20,4,0,4,0,2,23,646.0
24,4,0,18,0,2,23,692.0
16,4,2,16,0,2,23,586.0
29,4,2,11,0,2,23,598.0
20,4,0,10,0,2,23,672.0
20,4,0,3,0,2,23,696.0
20,4,0,19,0,2,23,696.0
0,4,1,14,0,2,23,732.0
20,4,0,11,0,2,23,756.0
11,4,1,16,0,2,23,2155.0
29,4,2,11,1,2,24,598.0
29,4,1,9,1,2,24,650.0
24,4,0,18,1,2,24,679.0
20,4,0,11,1,2,24,783.0
16,4,2,16,1,2,24,641.0
0,4,1,4,1,2,24,661.0
0,4,1,14,1,2,24,684.0
0,4,1,2,1,2,24,726.0
20,4,0,10,1,2,24,876.0
20,4,0,4,1,2,24,937.0
11,4,1,16,1,2,24,1106.0
20,4,0,3,1,2,24,1319.0
20,4,0,19,1,2,24,1543.0
18,4,1,4,2,2,25,424.0
29,4,2,11,2,2,25,556.0
29,4,1,9,2,2,25,650.0
24,4,0,18,2,2,25,770.0
20,4,0,11,2,2,25,783.0
29,4,1,23,2,2,25,598.0
16,4,2,17,2,2,25,608.0
20,4,0,4,2,2,25,825.0
20,4,0,20,2,2,25,825.0
13,4,1,21,2,2,25,1015.0
20,4,0,3,2,2,25,1125.0
20,4,0,10,2,2,25,1543.0
18,4,1,4,3,2,26,424.0
24,4,0,18,3,2,26,626.0
20,4,0,3,3,2,26,652.0
16,4,2,16,3,2,26,510.0
20,4,0,10,3,2,26,688.0
0,4,1,14,3,2,26,715.0
20,4,0,11,3,2,26,732.0
20,4,0,19,3,2,26,732.0
20,4,0,4,3,2,26,782.0
11,4,1,16,3,2,26,1089.0
16,4,2,16,4,2,27,558.0
24,4,0,18,4,2,27,647.0
0,4,1,14,4,2,27,653.0
20,4,0,10,4,2,27,746.0
20,4,0,11,4,2,27,783.0
0,4,1,4,4,2,27,606.0
22,4,1,4,4,2,27,627.0
20,4,0,19,4,2,27,825.0
20,4,0,4,4,2,27,937.0
11,4,1,16,4,2,27,1025.0
20,4,0,3,4,2,27,1319.0
20,4,0,10,5,2,28,651.0
20,4,0,3,5,2,28,693.0
20,4,0,11,5,2,28,693.0
24,4,0,18,5,2,28,733.0
22,4,1,4,5,2,28,602.0
0,4,1,4,5,2,28,673.0
0,4,1,14,5,2,28,718.0
20,4,0,4,5,2,28,744.0
20,4,0,19,5,2,28,744.0
11,4,1,16,5,2,28,1388.0
24,11,0,23,6,2,22,404.0
17,11,0,22,6,2,22,446.0
17,11,1,9,6,2,22,515.0
24,11,0,17,6,2,22,665.0
17,11,1,14,6,2,22,419.0
17,11,1,14,6,2,22,453.0
17,11,1,12,6,2,22,485.0
1,11,0,16,6,2,22,677.0
17,11,0,22,0,2,23,363.0
24,11,0,17,0,2,23,386.0
24,11,0,23,0,2,23,386.0
17,11,1,9,0,2,23,454.0
17,11,1,12,0,2,23,466.0
1,11,1,17,0,2,23,576.0
1,11,0,16,0,2,23,653.0
1,11,1,8,0,2,23,1293.0
24,11,0,23,1,2,24,328.0
24,11,0,17,1,2,24,333.0
17,11,0,22,1,2,24,377.0
1,11,1,8,1,2,24,359.0
1,11,1,17,1,2,24,359.0
1,11,0,16,1,2,24,419.0
17,11,1,9,1,2,24,478.0
11,11,1,4,1,2,24,1227.0
1,11,0,9,2,2,25,301.0
17,11,0,22,2,2,25,314.0
24,11,0,23,2,2,25,358.0
24,11,0,17,2,2,25,358.0
17,11,1,12,2,2,25,428.0
24,11,1,1,2,2,25,1335.0
17,11,0,22,3,2,26,264.0
24,11,0,17,3,2,26,267.0
24,11,0,23,3,2,26,267.0
1,11,1,17,3,2,26,330.0
17,11,1,9,3,2,26,384.0
17,11,1,12,3,2,26,384.0
1,11,0,16,3,2,26,483.0
1,11,1,8,3,2,26,488.0
11,11,1,4,3,2,26,1175.0
24,11,0,23,4,2,27,267.0
17,11,0,22,4,2,27,282.0
24,11,0,17,4,2,27,328.0
17,11,1,9,4,2,27,376.0
1,11,0,16,4,2,27,438.0
17,11,1,14,4,2,27,270.0
17,11,1,14,4,2,27,316.0
17,11,1,12,4,2,27,367.0
1,11,1,8,4,2,27,533.0
17,11,1,14,5,2,28,298.0
24,11,0,17,5,2,28,396.0
24,11,0,23,5,2,28,396.0
17,11,0,22,5,2,28,409.0
17,11,1,14,5,2,28,293.0
17,11,1,14,5,2,28,375.0
17,11,1,9,5,2,28,386.0
1,11,0,16,5,2,28,500.0
17,11,0,22,6,3,1,317.0
24,11,0,17,6,3,1,328.0
24,11,0,23,6,3,1,328.0
17,11,1,3,6,3,1,393.0
17,11,1,9,6,3,1,411.0
17,11,1,12,6,3,1,411.0
1,11,0,16,6,3,1,417.0
17,11,0,22,0,3,2,240.0
24,11,0,23,0,3,2,282.0
1,11,0,16,0,3,2,286.0
24,11,0,17,0,3,2,300.0
17,11,1,3,0,3,2,343.0
17,11,1,9,0,3,2,343.0
1,11,0,16,1,3,3,263.0
24,11,0,23,1,3,3,310.0
24,11,0,17,1,3,3,355.0
1,11,1,8,1,3,3,315.0
1,11,1,17,1,3,3,315.0
17,11,1,14,1,3,3,321.0
1,11,1,17,1,3,3,330.0
17,11,1,9,1,3,3,338.0
17,11,1,3,1,3,3,344.0
17,11,0,22,1,3,3,416.0
1,3,0,17,6,2,22,553.0
1,3,0,8,6,2,22,660.0
24,3,0,0,6,2,22,784.0
17,3,1,14,6,2,22,462.0
17,3,1,12,6,2,22,505.0
17,3,1,12,6,2,22,549.0
17,3,1,9,6,2,22,568.0
17,3,1,17,6,2,22,579.0
1,3,0,17,0,2,23,485.0
17,3,1,9,0,2,23,528.0
1,3,0,8,0,2,23,631.0
17,3,1,22,0,2,23,454.0
17,3,1,9,0,2,23,506.0
17,3,1,12,0,2,23,518.0
17,3,1,17,0,2,23,518.0
24,3,0,14,0,2,23,1149.0
24,3,0,0,0,2,23,1291.0
17,3,1,9,1,2,24,512.0
1,3,0,8,1,2,24,553.0
1,3,0,17,1,2,24,553.0
24,3,0,0,1,2,24,733.0
24,3,0,14,1,2,24,733.0
17,3,1,22,1,2,24,461.0
17,3,1,12,1,2,24,522.0
17,3,1,17,1,2,24,534.0
17,3,1,13,1,2,24,549.0
1,3,0,8,2,2,25,433.0
1,3,1,9,2,2,25,456.0
24,3,0,14,2,2,25,584.0
17,3,1,13,2,2,25,356.0
17,3,1,12,2,2,25,437.0
17,3,1,9,2,2,25,459.0
1,3,0,19,2,2,25,518.0
24,3,0,0,2,2,25,612.0
24,3,1,8,2,2,25,900.0
24,3,0,14,3,2,26,413.0
24,3,0,0,3,2,26,433.0
1,3,0,17,3,2,26,463.0
1,3,0,8,3,2,26,499.0
17,3,1,14,3,2,26,450.0
17,3,1,17,3,2,26,454.0
17,3,1,22,3,2,26,460.0
17,3,1,9,3,2,26,462.0
17,3,1,12,3,2,26,484.0
24,3,0,14,4,2,27,430.0
17,3,1,9,4,2,27,471.0
1,3,0,8,4,2,27,502.0
1,3,0,17,4,2,27,513.0
24,3,0,0,4,2,27,634.0
17,3,1,14,4,2,27,450.0
17,3,1,12,4,2,27,462.0
17,3,1,17,4,2,27,462.0
17,3,1,22,4,2,27,519.0
24,3,0,0,5,2,28,467.0
17,3,1,9,5,2,28,473.0
24,3,0,14,5,2,28,579.0
1,3,0,8,5,2,28,580.0
17,3,1,14,5,2,28,462.0
17,3,1,12,5,2,28,473.0
17,3,1,17,5,2,28,473.0
1,3,1,16,5,2,28,524.0
1,3,0,17,5,2,28,757.0
17,3,1,9,6,3,1,465.0
1,3,0,8,6,3,1,548.0
24,3,0,0,6,3,1,630.0
24,3,0,14,6,3,1,630.0
17,3,1,3,6,3,1,456.0
17,3,1,12,6,3,1,465.0
17,3,1,17,6,3,1,485.0
1,3,1,16,6,3,1,516.0
1,3,1,16,6,3,1,552.0
1,3,0,17,6,3,1,609.0
1,3,1,16,0,3,2,398.0
1,3,0,8,0,3,2,403.0
1,3,0,17,0,3,2,433.0
24,3,0,14,0,3,2,467.0
24,3,0,0,0,3,2,518.0
17,3,1,9,0,3,2,410.0
17,3,1,17,0,3,2,418.0
17,3,1,12,0,3,2,426.0
16,13,2,16,6,2,22,835.0
20,13,1,11,6,2,22,878.0
11,13,1,21,6,2,22,1025.0
8,13,1,9,6,2,22,1160.0
20,13,1,10,6,2,22,845.0
20,13,1,19,6,2,22,918.0
20,13,1,4,6,2,22,1013.0
8,13,1,21,6,2,22,1160.0
24,13,0,0,6,2,22,1453.0
4,13,2,0,6,2,22,1946.0
16,13,2,16,0,2,23,835.0
9,13,2,20,0,2,23,864.0
20,13,1,4,0,2,23,957.0
9,13,1,21,0,2,23,977.0
20,13,1,10,0,2,23,918.0
20,13,1,19,0,2,23,918.0
20,13,1,11,0,2,23,1156.0
11,13,1,21,0,2,23,1157.0
8,13,1,2,0,2,23,1175.0
24,13,2,7,0,2,23,1220.0
8,13,1,9,0,2,23,1602.0
28,13,1,7,0,2,23,1924.0
24,13,3,14,0,2,23,2236.0
11,13,1,9,0,2,23,3136.0
16,13,2,16,1,2,24,835.0
8,13,2,20,1,2,24,901.0
20,13,1,11,1,2,24,1047.0
8,13,1,9,1,2,24,1213.0
8,13,1,21,1,2,24,1187.0
1,13,1,17,1,2,24,1208.0
20,13,1,4,1,2,24,1226.0
28,13,1,7,1,2,24,1694.0
11,13,1,9,1,2,24,1732.0
11,13,2,4,1,2,24,1934.0
16,13,2,17,2,2,25,909.0
24,13,0,0,2,2,25,966.0
20,13,1,4,2,2,25,1073.0
11,13,1,9,2,2,25,1142.0
8,13,1,2,2,2,25,1187.0
29,13,1,21,2,2,25,1052.0
11,13,1,21,2,2,25,1137.0
8,13,1,9,2,2,25,1187.0
9,13,1,21,2,2,25,1187.0
11,13,2,9,2,2,25,1647.0
11,13,1,4,2,2,25,2073.0
16,13,2,16,3,2,26,860.0
11,13,1,9,3,2,26,1071.0
8,13,1,9,3,2,26,1149.0
20,13,1,3,3,2,26,1206.0
8,13,1,2,3,2,26,1114.0
20,13,1,19,3,2,26,1136.0
11,13,1,21,3,2,26,1142.0
8,13,1,2,3,2,26,1175.0
9,13,1,21,3,2,26,1175.0
24,13,2,7,3,2,26,1192.0
20,13,1,19,3,2,26,1206.0
20,13,1,4,3,2,26,1293.0
28,13,1,7,3,2,26,1678.0
11,13,2,9,3,2,26,1874.0
16,13,2,15,4,2,27,835.0
20,13,1,4,4,2,27,1145.0
8,13,1,2,4,2,27,1175.0
16,13,2,16,4,2,27,906.0
8,13,1,21,4,2,27,1003.0
20,13,1,19,4,2,27,1018.0
20,13,1,11,4,2,27,1145.0
9,13,1,21,4,2,27,1175.0
20,13,1,19,4,2,27,1232.0
8,13,1,9,4,2,27,1282.0
24,13,0,0,4,2,27,1320.0
11,13,1,9,4,2,27,1406.0
11,13,2,9,4,2,27,1789.0
11,13,1,4,4,2,27,2048.0
20,13,1,3,5,2,28,1181.0
11,13,1,9,5,2,28,1250.0
8,13,1,9,5,2,28,1399.0
20,13,1,11,5,2,28,1004.0
20,13,1,4,5,2,28,1055.0
20,13,1,10,5,2,28,1181.0
20,13,1,19,5,2,28,1181.0
11,13,1,16,5,2,28,1245.0
20,13,1,4,5,2,28,1268.0
20,13,1,11,5,2,28,1268.0
24,13,2,7,5,2,28,1296.0
16,13,2,16,5,2,28,1383.0
7,13,1,11,5,2,28,1674.0
11,13,2,9,5,2,28,1957.0
28,13,1,7,5,2,28,2199.0
20,6,1,10,6,2,22,1096.0
20,6,1,11,6,2,22,1137.0
8,6,1,21,6,2,22,1280.0
20,6,1,19,6,2,22,1299.0
11,6,1,21,6,2,22,1761.0
1,6,1,17,6,2,22,1174.0
24,6,0,0,6,2,22,2178.0
28,6,1,7,6,2,22,3538.0
16,6,2,16,0,2,23,928.0
9,6,2,20,0,2,23,1035.0
9,6,1,21,0,2,23,1100.0
20,6,1,4,0,2,23,1375.0
11,6,1,21,0,2,23,1512.0
29,6,1,17,0,2,23,1166.0
8,6,1,2,0,2,23,1270.0
22,6,1,4,0,2,23,1314.0
24,6,2,7,0,2,23,1337.0
20,6,1,19,0,2,23,1428.0
8,6,1,9,0,2,23,1754.0
28,6,1,7,0,2,23,1854.0
12,6,1,9,0,2,23,3569.0
8,6,2,20,1,2,24,1147.0
1,6,1,8,1,2,24,1191.0
8,6,1,9,1,2,24,1456.0
1,6,1,17,1,2,24,1168.0
24,6,2,7,1,2,24,1194.0
16,6,2,15,1,2,24,1359.0
8,6,1,21,1,2,24,1456.0
11,6,1,16,1,2,24,1465.0
28,6,1,7,1,2,24,1720.0
20,6,1,4,1,2,24,1830.0
11,6,1,21,1,2,24,1844.0
11,6,1,21,2,2,25,1254.0
20,6,1,4,2,2,25,1298.0
24,6,0,0,2,2,25,1527.0
16,6,2,17,2,2,25,928.0
1,6,1,8,2,2,25,1170.0
11,6,1,9,2,2,25,1195.0
20,6,1,11,2,2,25,1415.0
20,6,1,20,2,2,25,1492.0
10,6,1,2,2,2,25,1560.0
10,6,1,9,2,2,25,1560.0
10,6,1,21,2,2,25,1560.0
24,6,1,1,2,2,25,1800.0
8,6,2,20,3,2,26,1035.0
10,6,1,21,3,2,26,1144.0
10,6,1,9,3,2,26,1209.0
20,6,1,3,3,2,26,1392.0
16,6,2,16,3,2,26,928.0
1,6,1,17,3,2,26,1136.0
1,6,1,8,3,2,26,1259.0
9,6,1,2,3,2,26,1270.0
24,6,2,7,3,2,26,1337.0
20,6,1,4,3,2,26,1469.0
11,6,1,21,3,2,26,1569.0
28,6,1,7,3,2,26,1724.0
24,6,1,1,3,2,26,1979.0
8,6,1,9,4,2,27,1100.0
1,6,1,8,4,2,27,1136.0
11,6,1,9,4,2,27,1208.0
24,6,2,18,4,2,27,1088.0
8,6,1,21,4,2,27,1166.0
8,6,1,2,4,2,27,1270.0
8,6,1,21,4,2,27,1375.0
24,6,0,0,4,2,27,1562.0
28,6,1,8,4,2,27,1700.0
11,6,1,21,4,2,27,1847.0
22,6,1,4,5,2,28,1008.0
1,6,1,17,5,2,28,1123.0
8,6,1,2,5,2,28,1450.0
8,6,2,20,5,2,28,1266.0
24,6,2,7,5,2,28,1337.0
1,6,1,8,5,2,28,1433.0
8,6,1,9,5,2,28,1450.0
8,6,1,21,5,2,28,1450.0
20,6,1,10,5,2,28,1553.0
20,6,1,11,5,2,28,1701.0
28,6,1,7,5,2,28,1720.0
11,6,1,9,5,2,28,1847.0
11,6,1,21,5,2,28,1847.0
4,17,1,0,6,2,22,1074.0
4,17,2,0,6,2,22,1252.0
8,17,1,21,6,2,22,1347.0
4,17,1,0,6,2,22,1221.0
2,17,1,22,6,2,22,1404.0
1,17,1,8,6,2,22,1416.0
4,17,1,0,6,2,22,1500.0
4,17,1,0,6,2,22,1645.0
4,17,1,0,6,2,22,1645.0
20,17,1,10,6,2,22,1772.0
11,17,1,16,6,2,22,3966.0
2,17,1,22,0,2,23,1009.0
1,17,1,8,0,2,23,1164.0
24,17,0,20,0,2,23,1245.0
4,17,1,0,0,2,23,1297.0
24,17,1,1,0,2,23,1399.0
24,17,1,7,0,2,23,1399.0
24,17,1,14,0,2,23,1421.0
4,17,1,0,0,2,23,1442.0
26,17,1,1,0,2,23,1631.0
24,17,1,7,0,2,23,2836.0
2,17,1,22,1,2,24,949.0
4,17,1,0,1,2,24,1016.0
4,17,2,0,1,2,24,1032.0
1,17,1,8,1,2,24,1206.0
24,17,2,17,1,2,24,1313.0
4,17,1,0,1,2,24,1500.0
26,17,1,1,1,2,24,1631.0
8,17,1,21,1,2,24,1925.0
24,17,1,7,1,2,24,2600.0
4,17,1,0,2,2,25,955.0
2,17,1,22,2,2,25,1102.0
24,17,0,20,2,2,25,1138.0
4,17,2,0,2,2,25,1151.0
4,17,1,0,2,2,25,890.0
4,17,1,0,2,2,25,928.0
1,17,1,8,2,2,25,1092.0
5,17,1,0,2,2,25,1181.0
4,17,1,0,2,2,25,1239.0
4,17,1,0,2,2,25,1239.0
2,17,1,22,3,2,26,911.0
24,17,1,7,3,2,26,1024.0
4,17,1,0,3,2,26,986.0
4,17,1,0,3,2,26,1059.0
1,17,1,8,3,2,26,1124.0
24,17,1,12,3,2,26,1138.0
4,17,1,0,3,2,26,1147.0
24,17,1,12,3,2,26,1173.0
24,17,1,1,3,2,26,1261.0
4,17,1,0,3,2,26,1297.0
8,17,1,21,3,2,26,1857.0
26,17,1,1,3,2,26,2923.0
2,17,1,22,4,2,27,1075.0
1,17,1,8,4,2,27,1121.0
24,17,0,20,4,2,27,1153.0
24,17,1,1,4,2,27,1317.0
4,17,1,0,4,2,27,1442.0
27,17,1,23,4,2,27,1484.0
27,17,1,2,4,2,27,1617.0
26,17,1,1,4,2,27,1720.0
24,17,0,20,5,2,28,1102.0
4,17,1,0,5,2,28,868.0
4,17,1,0,5,2,28,928.0
2,17,1,22,5,2,28,1039.0
4,17,1,0,5,2,28,1068.0
4,17,1,0,5,2,28,1117.0
4,17,2,0,5,2,28,1134.0
4,17,1,0,5,2,28,1239.0
4,17,1,0,5,2,28,1239.0
2,16,1,22,6,2,22,1142.0
24,16,0,0,6,2,22,1788.0
11,16,1,21,6,2,22,1259.0
20,16,1,4,6,2,22,1474.0
20,16,1,10,6,2,22,1479.0
8,16,1,9,6,2,22,1726.0
8,16,1,21,6,2,22,1726.0
24,16,1,7,6,2,22,1965.0
26,16,1,1,6,2,22,2990.0
2,16,1,22,0,2,23,984.0
24,16,1,7,0,2,23,1396.0
20,16,1,4,0,2,23,1419.0
24,16,1,1,0,2,23,1456.0
26,16,1,1,0,2,23,1632.0
1,16,1,17,0,2,23,1392.0
24,16,1,7,0,2,23,1396.0
24,16,1,7,0,2,23,1483.0
11,16,1,21,0,2,23,1511.0
24,16,1,7,0,2,23,1651.0
8,16,1,21,0,2,23,1715.0
24,16,1,12,0,2,23,1866.0
2,16,1,22,1,2,24,789.0
24,16,0,0,1,2,24,1133.0
24,16,1,1,1,2,24,1215.0
24,16,1,1,1,2,24,1231.0
11,16,1,4,1,2,24,1270.0
24,16,1,1,1,2,24,1213.0
24,16,1,7,1,2,24,1262.0
24,16,1,7,1,2,24,1326.0
24,16,1,12,1,2,24,2672.0
2,16,1,22,2,2,25,827.0
24,16,1,12,2,2,25,1421.0
26,16,1,1,2,2,25,1583.0
24,16,1,1,2,2,25,1288.0
1,16,1,19,2,2,25,1311.0
20,16,1,4,2,2,25,1419.0
11,16,1,9,2,2,25,1426.0
24,16,1,7,2,2,25,1433.0
24,16,1,7,2,2,25,1451.0
24,16,1,0,2,2,25,1616.0
19,16,1,0,2,2,25,2081.0
2,16,1,10,3,2,26,825.0
11,16,1,16,3,2,26,1254.0
24,16,1,1,3,2,26,1302.0
2,16,1,22,3,2,26,912.0
11,16,1,4,3,2,26,1254.0
24,16,1,1,3,2,26,1273.0
24,16,1,7,3,2,26,1278.0
24,16,1,7,3,2,26,1289.0
20,16,1,3,3,2,26,1313.0
24,16,1,12,3,2,26,1329.0
19,16,1,0,3,2,26,2461.0
24,16,0,0,4,2,27,1067.0
2,16,1,22,4,2,27,873.0
2,16,1,10,4,2,27,917.0
11,16,1,16,4,2,27,1270.0
24,16,1,12,4,2,27,1308.0
24,16,1,12,4,2,27,1460.0
2,16,1,22,5,2,28,796.0
2,16,1,10,5,2,28,904.0
24,16,0,0,5,2,28,1364.0
24,16,1,7,5,2,28,1289.0
11,16,1,4,5,2,28,1376.0
19,16,1,0,5,2,28,2461.0
2,16,1,22,6,3,1,787.0
19,16,1,0,6,3,1,1028.0
24,16,1,12,6,3,1,1076.0
24,16,0,0,6,3,1,1229.0
4,16,1,0,6,3,1,1023.0
24,16,1,1,6,3,1,1057.0
26,16,1,1,6,3,1,1058.0
26,16,1,1,6,3,1,1308.0
30,10,0,11,6,2,22,284.0
8,10,0,20,6,2,22,349.0
16,10,0,16,6,2,22,351.0
24,10,0,7,6,2,22,385.0
24,10,0,13,6,2,22,385.0
24,10,0,18,6,2,22,385.0
8,10,1,21,6,2,22,638.0
29,10,1,21,6,2,22,664.0
30,10,0,11,0,2,23,284.0
8,10,0,20,0,2,23,344.0
16,10,0,16,0,2,23,351.0
24,10,0,7,0,2,23,385.0
24,10,0,13,0,2,23,385.0
24,10,0,18,0,2,23,385.0
8,10,1,21,0,2,23,633.0
6,10,0,16,1,2,24,269.0
30,10,0,11,1,2,24,284.0
8,10,0,20,1,2,24,349.0
16,10,0,15,1,2,24,351.0
16,10,0,16,1,2,24,351.0
24,10,0,7,1,2,24,385.0
24,10,0,13,1,2,24,385.0
24,10,0,18,1,2,24,385.0
29,10,0,11,2,2,25,284.0
8,10,0,20,2,2,25,349.0
16,10,0,17,2,2,25,361.0
24,10,0,7,2,2,25,385.0
24,10,0,13,2,2,25,385.0
24,10,0,18,2,2,25,385.0
29,10,1,21,2,2,25,633.0
8,10,1,21,2,2,25,633.0
29,10,0,11,3,2,26,284.0
8,10,0,20,3,2,26,344.0
16,10,0,16,3,2,26,351.0
24,10,0,13,3,2,26,385.0
16,10,0,15,3,2,26,351.0
24,10,0,7,3,2,26,385.0
24,10,0,18,3,2,26,385.0
8,10,1,21,3,2,26,633.0
30,10,0,11,4,2,27,290.0
8,10,0,20,4,2,27,344.0
16,10,0,15,4,2,27,351.0
16,10,0,16,4,2,27,351.0
24,10,0,7,4,2,27,385.0
24,10,0,13,4,2,27,385.0
24,10,0,18,4,2,27,385.0
30,10,0,11,5,2,28,284.0
8,10,0,20,5,2,28,349.0
16,10,0,16,5,2,28,351.0
24,10,0,7,5,2,28,385.0
24,10,0,18,5,2,28,385.0
24,10,0,13,5,2,28,398.0
8,10,1,21,5,2,28,821.0
8,10,1,21,5,2,28,846.0
30,10,0,11,6,3,1,290.0
8,10,0,20,6,3,1,349.0
16,10,0,16,6,3,1,351.0
24,10,0,7,6,3,1,385.0
24,10,0,18,6,3,1,385.0
24,10,0,13,6,3,1,542.0
29,10,1,21,6,3,1,638.0
8,10,1,21,6,3,1,816.0
8,10,0,20,0,3,2,344.0
16,10,0,16,0,3,2,351.0
24,10,0,7,0,3,2,385.0
30,10,0,11,0,3,2,419.0
24,10,0,18,0,3,2,385.0
24,10,0,13,0,3,2,505.0
29,10,1,21,0,3,2,633.0
8,10,1,21,0,3,2,746.0
6,10,0,16,1,3,3,243.0
29,10,0,11,1,3,3,290.0
8,10,0,20,1,3,3,349.0
16,10,0,15,1,3,3,351.0
16,10,0,16,1,3,3,351.0
24,10,0,7,1,3,3,385.0
24,10,0,13,1,3,3,385.0
24,10,0,18,1,3,3,385.0
0,0,0,21,6,2,22,629.0
11,0,0,21,6,2,22,667.0
20,0,1,11,6,2,22,610.0
20,0,1,11,6,2,22,750.0
1,0,1,16,6,2,22,893.0
20,0,1,4,6,2,22,937.0
1,0,1,16,6,2,22,1051.0
11,0,0,16,6,2,22,1682.0
11,0,0,21,0,2,23,761.0
1,0,1,16,0,2,23,810.0
20,0,1,4,0,2,23,860.0
1,0,1,17,0,2,23,757.0
20,0,1,10,0,2,23,805.0
20,0,1,10,0,2,23,860.0
20,0,1,11,0,2,23,937.0
11,0,0,16,0,2,23,1692.0
11,0,0,9,0,2,23,1743.0
11,0,0,4,1,2,24,501.0
11,0,0,16,1,2,24,506.0
0,0,0,21,1,2,24,508.0
11,0,0,21,1,2,24,516.0
16,0,2,15,1,2,24,525.0
20,0,1,4,1,2,24,1008.0
16,0,1,15,1,2,24,1091.0
11,0,0,9,1,2,24,1450.0
11,0,0,4,2,2,25,501.0
11,0,0,21,2,2,25,623.0
0,0,0,21,2,2,25,670.0
16,0,2,17,2,2,25,550.0
20,0,1,4,2,2,25,939.0
11,0,0,9,2,2,25,1450.0
11,0,0,4,3,2,26,433.0
11,0,0,16,3,2,26,438.0
11,0,0,21,3,2,26,448.0
11,0,0,9,3,2,26,493.0
16,0,2,15,3,2,26,472.0
20,0,1,3,3,2,26,729.0
20,0,1,10,3,2,26,777.0
24,0,1,23,3,2,26,841.0
20,0,1,4,3,2,26,916.0
16,0,1,15,3,2,26,1049.0
11,0,0,4,4,2,27,453.0
11,0,0,16,4,2,27,458.0
11,0,0,9,4,2,27,464.0
11,0,0,21,4,2,27,468.0
16,0,2,15,4,2,27,530.0
1,0,1,8,4,2,27,587.0
20,0,1,10,4,2,27,732.0
20,0,1,4,4,2,27,990.0
16,0,1,15,4,2,27,1059.0
11,0,0,9,5,2,28,464.0
11,0,0,4,5,2,28,503.0
11,0,0,16,5,2,28,508.0
11,0,0,21,5,2,28,752.0
20,0,1,10,5,2,28,757.0
20,0,1,4,5,2,28,821.0
11,0,0,4,6,3,1,443.0
0,0,0,21,6,3,1,444.0
11,0,0,9,6,3,1,453.0
11,0,0,16,6,3,1,498.0
16,0,2,16,6,3,1,503.0
11,0,0,21,6,3,1,614.0
1,0,1,16,6,3,1,741.0
20,0,1,4,6,3,1,913.0
28,0,1,22,6,3,1,1586.0
28,0,1,22,6,3,1,2011.0
11,0,0,4,0,3,2,428.0
11,0,0,16,0,3,2,433.0
11,0,0,9,0,3,2,488.0
16,0,2,16,0,3,2,642.0
11,0,0,21,0,3,2,727.0
20,0,1,19,0,3,2,757.0
20,0,1,4,0,3,2,821.0
0,0,0,21,1,3,3,362.0
11,0,0,4,1,3,3,451.0
11,0,0,16,1,3,3,506.0
16,0,2,15,1,3,3,530.0
11,0,0,9,1,3,3,562.0
11,0,0,21,1,3,3,672.0
16,0,1,15,1,3,3,1141.0
1,14,1,16,6,2,22,401.0
8,14,1,21,6,2,22,660.0
29,14,1,21,6,2,22,670.0
24,14,0,18,6,2,22,693.0
20,14,1,11,6,2,22,745.0
16,14,2,16,6,2,22,576.0
20,14,1,10,6,2,22,724.0
8,14,1,9,6,2,22,735.0
0,14,1,2,6,2,22,765.0
8,14,1,2,6,2,22,1564.0
11,14,1,16,6,2,22,1884.0
1,14,1,16,0,2,23,401.0
24,14,0,18,0,2,23,584.0
18,14,1,4,0,2,23,643.0
1,14,1,17,0,2,23,401.0
16,14,2,16,0,2,23,503.0
8,14,2,20,0,2,23,676.0
8,14,1,21,0,2,23,702.0
20,14,1,3,0,2,23,867.0
8,14,1,2,0,2,23,1153.0
11,14,1,9,0,2,23,1902.0
24,14,0,18,1,2,24,401.0
1,14,1,16,1,2,24,461.0
16,14,2,15,1,2,24,503.0
18,14,1,4,1,2,24,612.0
29,14,1,9,1,2,24,730.0
29,14,2,11,1,2,24,670.0
0,14,1,4,1,2,24,838.0
0,14,1,2,1,2,24,898.0
11,14,1,4,1,2,24,1069.0
11,14,1,9,1,2,24,1069.0
8,14,1,2,1,2,24,2515.0
1,14,1,9,2,2,25,401.0
24,14,0,18,2,2,25,564.0
29,14,1,21,2,2,25,593.0
1,14,1,19,2,2,25,401.0
16,14,2,17,2,2,25,582.0
29,14,2,11,2,2,25,593.0
29,14,1,23,2,2,25,670.0
0,14,1,2,2,2,25,701.0
24,14,1,18,2,2,25,717.0
29,14,1,9,2,2,25,730.0
11,14,1,4,2,2,25,1092.0
1,14,1,16,3,2,26,401.0
18,14,1,4,3,2,26,444.0
24,14,0,18,3,2,26,672.0
16,14,2,16,3,2,26,535.0
8,14,1,21,3,2,26,647.0
8,14,1,2,3,2,26,676.0
20,14,1,3,3,2,26,732.0
29,14,1,9,3,2,26,812.0
11,14,1,4,3,2,26,1084.0
1,14,1,16,4,2,27,356.0
8,14,1,2,4,2,27,579.0
24,14,0,18,4,2,27,672.0
18,14,1,4,4,2,27,578.0
20,14,1,10,4,2,27,668.0
8,14,1,9,4,2,27,702.0
0,14,1,2,4,2,27,738.0
29,14,1,9,4,2,27,812.0
11,14,1,4,4,2,27,1102.0
1,14,1,16,5,2,28,366.0
18,14,1,4,5,2,28,644.0
24,14,0,18,5,2,28,736.0
1,14,1,8,5,2,28,656.0
20,14,1,10,5,2,28,748.0
0,14,1,2,5,2,28,799.0
29,14,1,9,5,2,28,812.0
29,14,1,21,5,2,28,812.0
20,14,1,3,5,2,28,831.0
8,14,1,2,5,2,28,988.0
11,14,1,4,5,2,28,1102.0
1,14,1,16,6,3,1,394.0
24,14,0,18,6,3,1,539.0
29,14,1,21,6,3,1,593.0
16,14,2,16,6,3,1,535.0
0,14,1,4,6,3,1,567.0
18,14,1,4,6,3,1,612.0
24,14,1,18,6,3,1,666.0
29,14,1,9,6,3,1,812.0
20,14,1,3,6,3,1,824.0
8,14,1,2,6,3,1,988.0
11,14,1,4,6,3,1,1052.0
29,12,2,11,6,2,22,541.0
0,12,1,4,6,2,22,637.0
29,12,1,9,6,2,22,731.0
0,12,1,2,6,2,22,738.0
8,12,1,21,6,2,22,838.0
10,12,1,9,6,2,22,782.0
20,12,1,4,6,2,22,840.0
14,12,1,21,6,2,22,909.0
29,12,2,11,0,2,23,565.0
29,12,1,17,0,2,23,608.0
0,12,1,2,0,2,23,697.0
0,12,1,4,0,2,23,680.0
0,12,1,14,0,2,23,722.0
20,12,1,4,0,2,23,979.0
29,12,1,9,0,2,23,1350.0
29,12,2,11,1,2,24,608.0
29,12,1,9,1,2,24,660.0
8,12,1,21,1,2,24,782.0
24,12,1,23,1,2,24,545.0
0,12,1,4,1,2,24,655.0
0,12,1,2,1,2,24,714.0
29,12,1,17,1,2,24,731.0
20,12,1,10,1,2,24,915.0
11,12,1,4,1,2,24,919.0
11,12,1,9,1,2,24,919.0
11,12,1,16,1,2,24,919.0
29,12,2,11,2,2,25,565.0
29,12,1,23,2,2,25,608.0
0,12,1,2,2,2,25,680.0
29,12,1,9,2,2,25,660.0
1,12,1,19,2,2,25,668.0
0,12,1,4,2,2,25,674.0
24,12,1,17,2,2,25,691.0
11,12,1,21,2,2,25,704.0
8,12,2,20,2,2,25,782.0
8,12,1,21,2,2,25,804.0
11,12,1,9,2,2,25,856.0
8,12,1,21,3,2,26,569.0
29,12,1,17,3,2,26,660.0
11,12,1,9,3,2,26,704.0
11,12,1,21,3,2,26,651.0
11,12,1,16,3,2,26,704.0
29,12,1,1,3,2,26,731.0
29,12,1,9,3,2,26,731.0
8,12,1,2,3,2,26,793.0
20,12,1,19,3,2,26,802.0
8,12,1,21,4,2,27,570.0
29,12,1,17,4,2,27,660.0
0,12,1,2,4,2,27,712.0
0,12,1,4,4,2,27,594.0
0,12,1,14,4,2,27,635.0
29,12,1,9,4,2,27,731.0
14,12,1,16,4,2,27,866.0
11,12,1,9,4,2,27,919.0
29,12,1,9,5,2,28,731.0
20,12,1,10,5,2,28,743.0
0,12,1,2,5,2,28,772.0
20,12,1,3,5,2,28,625.0
0,12,1,4,5,2,28,667.0
29,12,1,17,5,2,28,731.0
29,12,1,21,5,2,28,731.0
20,12,1,11,5,2,28,822.0
10,12,1,21,5,2,28,946.0
11,12,1,9,5,2,28,990.0
11,12,1,16,5,2,28,1081.0
0,12,1,4,6,3,1,520.0
29,12,1,21,6,3,1,565.0
29,12,1,9,6,3,1,731.0
0,12,1,14,6,3,1,619.0
20,12,1,10,6,3,1,812.0
8,12,1,21,6,3,1,946.0
11,12,1,9,6,3,1,980.0
11,12,1,16,6,3,1,980.0
8,1,2,20,6,2,22,507.0
10,1,1,21,6,2,22,571.0
16,1,1,16,6,2,22,633.0
29,1,1,9,6,2,22,728.0
0,1,1,2,6,2,22,737.0
0,1,1,4,6,2,22,635.0
10,1,1,2,6,2,22,703.0
10,1,1,9,6,2,22,703.0
0,1,1,14,6,2,22,914.0
11,1,1,16,6,2,22,1615.0
20,1,1,11,6,2,22,2713.0
16,1,1,16,0,2,23,377.0
8,1,1,21,0,2,23,560.0
29,1,2,11,0,2,23,562.0
29,1,1,17,0,2,23,605.0
0,1,1,4,0,2,23,677.0
0,1,1,2,0,2,23,694.0
0,1,1,14,0,2,23,723.0
8,1,1,9,0,2,23,723.0
24,1,1,18,0,2,23,772.0
11,1,1,16,0,2,23,904.0
20,1,1,11,0,2,23,1206.0
16,1,1,15,1,2,24,404.0
16,1,1,16,1,2,24,633.0
0,1,1,14,1,2,24,676.0
29,1,1,9,1,2,24,697.0
11,1,1,9,1,2,24,712.0
8,1,2,20,1,2,24,634.0
29,1,2,11,1,2,24,646.0
0,1,1,4,1,2,24,652.0
8,1,1,21,1,2,24,680.0
11,1,1,16,1,2,24,712.0
0,1,1,2,1,2,24,712.0
20,1,1,11,1,2,24,954.0
16,1,1,17,2,2,25,549.0
29,1,2,11,2,2,25,562.0
29,1,1,23,2,2,25,605.0
8,1,1,2,2,2,25,702.0
8,1,2,20,2,2,25,515.0
29,1,1,9,2,2,25,657.0
0,1,1,4,2,2,25,672.0
0,1,1,2,2,2,25,678.0
8,1,2,20,2,2,25,680.0
20,1,1,11,2,2,25,700.0
8,1,1,9,2,2,25,702.0
11,1,1,21,2,2,25,854.0
16,1,1,16,3,2,26,504.0
16,1,1,15,3,2,26,541.0
8,1,1,21,3,2,26,599.0
8,1,2,20,3,2,26,486.0
8,1,2,20,3,2,26,505.0
8,1,1,9,3,2,26,640.0
29,1,1,17,3,2,26,657.0
8,1,1,2,3,2,26,691.0
0,1,1,14,3,2,26,705.0
0,1,1,14,3,2,26,707.0
11,1,1,9,3,2,26,787.0
11,1,1,16,3,2,26,787.0
20,1,1,11,3,2,26,833.0
10,1,1,2,4,2,27,403.0
16,1,1,15,4,2,27,504.0
16,1,1,16,4,2,27,541.0
20,1,1,10,4,2,27,632.0
0,1,1,14,4,2,27,637.0
10,1,1,9,4,2,27,554.0
10,1,1,21,4,2,27,560.0
10,1,1,21,4,2,27,581.0
0,1,1,4,4,2,27,592.0
11,1,1,16,4,2,27,669.0
20,1,1,11,4,2,27,787.0
0,1,1,14,5,2,28,710.0
29,1,1,9,5,2,28,728.0
11,1,1,9,5,2,28,789.0
8,1,1,21,5,2,28,846.0
20,1,1,10,5,2,28,854.0
8,1,2,20,5,2,28,507.0
0,1,1,4,5,2,28,664.0
8,1,2,20,5,2,28,689.0
0,1,1,2,5,2,28,770.0
8,1,1,2,5,2,28,846.0
8,1,1,9,5,2,28,846.0
11,1,1,16,5,2,28,904.0
20,1,1,11,5,2,28,923.0
1,7,1,8,6,2,22,567.0
1,7,1,17,6,2,22,692.0
24,7,0,8,6,2,22,1010.0
1,7,1,17,6,2,22,606.0
1,7,1,17,6,2,22,650.0
1,7,1,8,6,2,22,842.0
1,7,1,8,6,2,22,1187.0
24,7,1,0,6,2,22,1203.0
1,7,1,17,0,2,23,646.0
1,7,1,17,0,2,23,591.0
1,7,1,17,0,2,23,616.0
1,7,1,8,0,2,23,646.0
29,7,1,17,0,2,23,1062.0
24,7,0,8,0,2,23,1327.0
26,7,1,1,0,2,23,3824.0
1,7,1,17,1,2,24,435.0
1,7,1,8,1,2,24,467.0
1,7,1,17,1,2,24,467.0
24,7,1,0,1,2,24,1023.0
24,7,1,14,1,2,24,990.0
24,7,1,23,1,2,24,1020.0
24,7,1,14,1,2,24,1030.0
24,7,1,1,1,2,24,1379.0
24,7,1,14,1,2,24,1527.0
24,7,1,7,1,2,24,1595.0
11,7,1,21,1,2,24,1865.0
20,7,1,4,1,2,24,2013.0
19,7,1,0,1,2,24,2810.0
26,7,1,1,1,2,24,3824.0
1,7,1,8,2,2,25,455.0
24,7,1,0,2,2,25,685.0
24,7,0,8,2,2,25,685.0
1,7,1,19,2,2,25,455.0
1,7,1,19,2,2,25,487.0
24,7,1,14,2,2,25,650.0
24,7,1,0,2,2,25,670.0
24,7,1,14,2,2,25,759.0
1,7,1,17,3,2,26,480.0
1,7,1,8,3,2,26,512.0
1,7,1,17,3,2,26,512.0
24,7,0,8,3,2,26,554.0
24,7,1,0,3,2,26,607.0
24,7,1,14,3,2,26,1018.0
24,7,1,0,3,2,26,1038.0
24,7,1,14,3,2,26,1038.0
24,7,1,14,3,2,26,1109.0
1,7,1,8,4,2,27,460.0
1,7,1,8,4,2,27,467.0
1,7,1,17,4,2,27,497.0
1,7,1,17,4,2,27,541.0
24,7,1,0,4,2,27,772.0
1,7,1,17,4,2,27,467.0
24,7,1,14,4,2,27,716.0
24,7,1,14,4,2,27,728.0
24,7,1,0,4,2,27,747.0
24,7,1,1,4,2,27,1168.0
20,7,1,11,4,2,27,1483.0
19,7,1,0,4,2,27,1694.0
11,7,1,16,4,2,27,1747.0
11,7,1,21,4,2,27,1885.0
26,7,1,1,4,2,27,3824.0
1,7,1,8,5,2,28,505.0
1,7,1,8,5,2,28,535.0
1,7,1,17,5,2,28,535.0
24,7,1,0,5,2,28,599.0
1,7,1,17,5,2,28,620.0
29,7,1,9,5,2,28,1062.0
29,7,1,21,5,2,28,1062.0
20,7,1,10,5,2,28,1391.0
11,7,1,16,5,2,28,2064.0
11,7,1,21,5,2,28,2318.0
26,7,1,1,5,2,28,3824.0
1,7,1,8,6,3,1,497.0
24,7,0,8,6,3,1,529.0
1,7,1,8,6,3,1,460.0
1,7,1,17,6,3,1,497.0
1,7,1,8,6,3,1,583.0
1,7,1,17,6,3,1,583.0
24,7,1,0,6,3,1,641.0
1,7,1,17,6,3,1,649.0
24,7,1,14,6,3,1,656.0
24,7,1,0,6,3,1,1077.0
